year,rank,title,distributor,rental_usd,rental_display,film_wikipedia_url,source_page_url,source_table,poster_lookup_status,poster_wikipedia_page_title,poster_wikipedia_file,poster_image_url,poster_thumbnail_url,poster_source_page_url,poster_file_page_url,local_poster_path,last_updated,metadata_status,metadata_error,metadata_last_updated,wikipedia_page_title,wikipedia_display_title,wikipedia_url,director,producer,writer,based_on,starring,music_by,cinematography,editing,studio,release_date,runtime,country,language,budget,box_office,imdb_rating,imdb_rating_count,imdb_url,rotten_tomatoes_score,rotten_tomatoes_review_count,rotten_tomatoes_average_rating,rottentomatoes_url,wikipedia_tags
1950,1,Samson and Delilah,Paramount Pictures,11000000,"$11,000,000",https://en.wikipedia.org/wiki/Samson_and_Delilah_(1949_film),https://en.wikipedia.org/wiki/List_of_1950_box_office_number-one_films_in_the_United_States,Highest-grossing films of 1950,ok,Samson and Delilah (1949 film),Samson and Delilah 1949 poster.jpg,https://upload.wikimedia.org/wikipedia/commons/thumb/d/df/Samson_and_Delilah_1949_poster.jpg/250px-Samson_and_Delilah_1949_poster.jpg,https://upload.wikimedia.org/wikipedia/commons/thumb/d/df/Samson_and_Delilah_1949_poster.jpg/250px-Samson_and_Delilah_1949_poster.jpg,https://en.wikipedia.org/wiki/Samson_and_Delilah_%281949_film%29,https://en.wikipedia.org/wiki/File:Samson_and_Delilah_1949_poster.jpg,covers/1950_1_samson_and_delilah.jpg,2026-05-12T03:17:54,ok,,2026-05-25T14:50:18,Samson and Delilah (1949 film),Samson and Delilah (1949 film),https://en.wikipedia.org/wiki/Samson_and_Delilah_(1949_film),Cecil B. DeMille,Cecil B. DeMille,"Jesse L. Lasky Jr., Fredric M. Frank, Harold Lamb","Samson the Nazirite 1926 novel (Ze'ev Jabotinsky, Vladimir Jabotinsky) Holy Bible (Book of Judges)","Hedy Lamarr, Victor Mature, George Sanders, Angela Lansbury, Henry Wilcoxon",Victor Young,George Barnes,Anne Bauchens,Paramount Pictures,1949-12-21 (New York City); 1950-01-13 (Los Angeles),134 minutes (with overture and exit music),United States,English,$2.9–3.1 million,$25.6 million,,,https://www.imdb.com/title/tt0041838/releaseinfo?ref_=tt_ov_inf,,,,https://www.rottentomatoes.com/m/1018126_samson_and_delilah,"1949 films | 1949 drama films | American drama films | American religious epic films | Films about Samson | Films directed by Cecil B. DeMille | Films scored by Victor Young | Films set in the 11th century BC | Films shot in Algeria | Films shot in Lone Pine, California | Films that won the Best Costume Design Academy Award | Films whose production designer won the Best Production Design Academy Award | Paramount Pictures films | 1949 English-language films | 1949 American films | Films about antisemitism | English-language drama films | 1940s color films"
1950,2,Battleground,Metro-Goldwyn-Mayer,4550000,"$4,550,000",https://en.wikipedia.org/wiki/Battleground_(film),https://en.wikipedia.org/wiki/List_of_1950_box_office_number-one_films_in_the_United_States,Highest-grossing films of 1950,ok,Battleground (film),BattlegroundPoster.jpg,https://upload.wikimedia.org/wikipedia/commons/thumb/8/89/BattlegroundPoster.jpg/250px-BattlegroundPoster.jpg,https://upload.wikimedia.org/wikipedia/commons/thumb/8/89/BattlegroundPoster.jpg/250px-BattlegroundPoster.jpg,https://en.wikipedia.org/wiki/Battleground_%28film%29,https://en.wikipedia.org/wiki/File:BattlegroundPoster.jpg,covers/1950_2_battleground.jpg,2026-05-12T03:17:54,ok,,2026-05-25T14:50:18,Battleground (film),Battleground (film),https://en.wikipedia.org/wiki/Battleground_(film),William A. Wellman,Dore Schary,Robert Pirosh,,"Van Johnson, John Hodiak, Ricardo Montalbán, George Murphy",Lennie Hayton,Paul C. Vogel,John D. Dunning,,"1949-11-09 (Washington D.C., premiere)",118 minutes,United States,English,"$1,631,000","$6,269,000 (worldwide rentals)",,,https://www.imdb.com/title/tt0041163/,,,,https://www.rottentomatoes.com/m/1001816-battleground,1949 films | Rotten Tomatoes template using name parameter | 1949 war films | American World War II films | American black-and-white films | 1949 English-language films | Films directed by William A. Wellman | Films scored by Lennie Hayton | Films set in 1944 | Films set in Belgium | Films whose cinematographer won the Best Cinematography Academy Award | Films whose writer won the Best Original Screenplay Academy Award | Films featuring a Best Supporting Actor Golden Globe winning performance | Metro-Goldwyn-Mayer films | Films about the Western Front (World War II) | World War II films based on actual events | Films about the United States Army | Ardennes in fiction | 1949 American films | English-language war films | Works about the Battle of the Bulge
1950,3,King Solomon's Mines,"Loew's, Inc",4400000,"$4,400,000",https://en.wikipedia.org/wiki/King_Solomon%27s_Mines_(1950_film),https://en.wikipedia.org/wiki/List_of_1950_box_office_number-one_films_in_the_United_States,Highest-grossing films of 1950,ok,King Solomon's Mines (1950 film),Kingsolomonsmines1950.jpg,https://upload.wikimedia.org/wikipedia/en/9/92/Kingsolomonsmines1950.jpg,https://upload.wikimedia.org/wikipedia/en/9/92/Kingsolomonsmines1950.jpg,https://en.wikipedia.org/wiki/King_Solomon%27s_Mines_%281950_film%29,https://en.wikipedia.org/wiki/File:Kingsolomonsmines1950.jpg,covers/1950_3_king_solomon_s_mines.jpg,2026-05-12T03:17:54,ok,,2026-05-25T14:50:18,King Solomon's Mines (1950 film),King Solomon's Mines (1950 film),https://en.wikipedia.org/wiki/King_Solomon%27s_Mines_(1950_film),"Compton Bennett, Andrew Marton",Sam Zimbalist,Helen Deutsch,King Solomon's Mines (1885 novel) (H. Rider Haggard),"Deborah Kerr, Stewart Granger, Richard Carlson (actor), Richard Carlson",Mischa Spoliansky,Robert Surtees,"Ralph E. Winters, Conrad A. Nervig",Metro-Goldwyn-Mayer,"Film date, 1950, 11, 09, New York City, ref1=, 1950, 11, 24, U.S.",103 minutes,United States,English,$2.3 million,$15.1 million,,,https://www.imdb.com/title/tt0042646/,,,,https://www.rottentomatoes.com/m/1011638-king_solomons_mines/reviews,Pages containing links to subscription-only content | 1950 films | 1950 adventure films | American adventure films | American romantic drama films | 1950 English-language films | Films based on King Solomon's Mines | Films directed by Andrew Marton | Films directed by Compton Bennett | Films set in 1897 | Films shot in the Democratic Republic of the Congo | Films shot in Kenya | Films shot in Tanzania | Films shot in the United States | Films shot in Uganda | Films whose cinematographer won the Best Cinematography Academy Award | Films whose editor won the Best Film Editing Academy Award | Metro-Goldwyn-Mayer films | Films about treasure hunting | 1950 American films | English-language adventure films | Lost world films | English-language romantic drama films | Films scored by Mischa Spoliansky
1950,4,Cheaper by the Dozen,20th Century Fox,4325000,"$4,325,000",https://en.wikipedia.org/wiki/Cheaper_by_the_Dozen_(1950_film),https://en.wikipedia.org/wiki/List_of_1950_box_office_number-one_films_in_the_United_States,Highest-grossing films of 1950,ok,Cheaper by the Dozen (1950 film),Cheaper by the dozen film poster.jpg,https://upload.wikimedia.org/wikipedia/en/a/a2/Cheaper_by_the_dozen_film_poster.jpg,https://upload.wikimedia.org/wikipedia/en/a/a2/Cheaper_by_the_dozen_film_poster.jpg,https://en.wikipedia.org/wiki/Cheaper_by_the_Dozen_%281950_film%29,https://en.wikipedia.org/wiki/File:Cheaper_by_the_dozen_film_poster.jpg,covers/1950_4_cheaper_by_the_dozen.jpg,2026-05-12T03:17:54,ok,,2026-05-25T14:50:18,Cheaper by the Dozen (1950 film),Cheaper by the Dozen (1950 film),https://en.wikipedia.org/wiki/Cheaper_by_the_Dozen_(1950_film),Walter Lang,Lamar Trotti,Lamar Trotti,Cheaper by the Dozen 1948 novel (Ernestine Gilbreth Carey Frank Bunker Gilbreth Jr.),Clifton Webb Jeanne Crain Myrna Loy Betty Lynn Edgar Buchanan Barbara Bates Mildred Natwick Sara Allgood,Cyril J. Mockridge,Leon Shamroy,James Watson Webb Jr.,20th Century Fox,1950-03-31 (New York); 1950-04-07 (Los Angeles) (ref1=) (ref2=),85 minutes,United States,English,$1.7 million,$4.3-4.425 million (U.S. and Canada rentals),,,https://www.imdb.com/title/tt0042327/,,,,,1950 films | 1950 comedy films | 20th Century Fox films | American comedy films | 1950 English-language films | Films about families | Films based on biographies | Films directed by Walter Lang | Films scored by Cyril J. Mockridge | Films set in the 1920s | Films set in Rhode Island | Films set in New Jersey | Films shot in New Jersey | Films with screenplays by Lamar Trotti | American children's comedy films | Films about parenting | 1950 American films | English-language comedy films
1950,5,Annie Get Your Gun,"Loew's, Inc.",4200000,"$4,200,000",https://en.wikipedia.org/wiki/Annie_Get_Your_Gun_(film),https://en.wikipedia.org/wiki/List_of_1950_box_office_number-one_films_in_the_United_States,Highest-grossing films of 1950,ok,Annie Get Your Gun (film),Annie Get Your Gun.png,https://upload.wikimedia.org/wikipedia/commons/thumb/0/04/Annie_Get_Your_Gun.png/250px-Annie_Get_Your_Gun.png,https://upload.wikimedia.org/wikipedia/commons/thumb/0/04/Annie_Get_Your_Gun.png/250px-Annie_Get_Your_Gun.png,https://en.wikipedia.org/wiki/Annie_Get_Your_Gun_%28film%29,https://en.wikipedia.org/wiki/File:Annie_Get_Your_Gun.png,covers/1950_5_annie_get_your_gun.jpg,2026-05-12T03:17:54,ok,,2026-05-25T14:50:18,Annie Get Your Gun (film),Annie Get Your Gun (film),https://en.wikipedia.org/wiki/Annie_Get_Your_Gun_(film),George Sidney Busby Berkeley (uncredited) Charles Walters (uncredited),Arthur Freed Roger Edens,Sidney Sheldon,Annie Get Your Gun 1946 book (Dorothy Fields Herbert Fields),Betty Hutton Howard Keel Louis Calhern Keenan Wynn Benay Venuta J. Carrol Naish,Songs: (lyrics and music by) Irving Berlin Music Direction: Adolph Deutsch Additional music: Roger Edens,Charles Rosher,James E. Newcom,Metro-Goldwyn-Mayer,1950-05-17,107 minutes,United States,English,"$3,734,000","$7,756,000",,,https://www.imdb.com/title/tt0042200/,,,,https://www.rottentomatoes.com/m/annie_get_your_gun,1950 films | Rotten Tomatoes ID same as Wikidata | 1950 musical comedy films | 1950s Western (genre) musical films | American musical comedy films | American Western (genre) musical films | Films about Wild West shows | Films that won the Best Original Score Academy Award | Films directed by Busby Berkeley | Films directed by George Sidney | Films directed by Charles Walters | Metro-Goldwyn-Mayer films | Films based on musicals | Films produced by Arthur Freed | Films with screenplays by Sidney Sheldon | Films scored by Adolph Deutsch | Films scored by Irving Berlin | Films set in the 19th century | Cultural depictions of Annie Oakley | Cultural depictions of Buffalo Bill | Cultural depictions of Sitting Bull | 1950 English-language films | 1950 American films | English-language musical comedy films | English-language Western (genre) musical films
1950,6,Cinderella,RKO Radio Pictures,4150000,"$4,150,000",https://en.wikipedia.org/wiki/Cinderella_(1950_film),https://en.wikipedia.org/wiki/List_of_1950_box_office_number-one_films_in_the_United_States,Highest-grossing films of 1950,ok,Cinderella (1950 film),1950 is the Cinderella year.jpg,https://upload.wikimedia.org/wikipedia/commons/thumb/1/1d/1950_is_the_Cinderella_year.jpg/250px-1950_is_the_Cinderella_year.jpg,https://upload.wikimedia.org/wikipedia/commons/thumb/1/1d/1950_is_the_Cinderella_year.jpg/250px-1950_is_the_Cinderella_year.jpg,https://en.wikipedia.org/wiki/Cinderella_%281950_film%29,https://en.wikipedia.org/wiki/File:1950_is_the_Cinderella_year.jpg,covers/1950_6_cinderella.jpg,2026-05-12T03:17:54,ok,,2026-05-25T14:50:18,Cinderella (1950 film),Cinderella (1950 film),https://en.wikipedia.org/wiki/Cinderella_(1950_film),Wilfred Jackson Hamilton Luske Clyde Geronimi,Walt Disney,"Bill Peet, William Peet Ted Sears Homer Brightman Ken Anderson (animator), Kenneth Anderson Erdman Penner Winston Hibler Harry Reeves Joe Rinaldi","""Cinderella"" (Charles Perrault)","Ilene Woods Eleanor Audley Verna Felton Rhoda Williams Jimmy MacDonald (sound effects artist), James MacDonald Luis van Rooten","Oliver Wallace Paul Smith (composer), Paul Smith",,Donald Halliday,Walt Disney Productions,1950-02-15 (Boston); 1950-03-04 (United States),74 minutes,United States,English,$2.2 million,$182 million,,,https://www.imdb.com/title/tt0042332/,95%,42,,https://www.rottentomatoes.com/m/cinderella,Pages with non-numeric formatnum arguments | 1950 films | Rotten Tomatoes template using name parameter | 1950 American animated films | 1950 children's films | 1950 English-language films | 1950 fantasy films | 1950s children's animated films | 1950s children's fantasy films | 1950s musical fantasy films | 1950s romantic fantasy films | 1950s romantic musical films | American animated feature films | American children's animated fantasy films | American children's animated musical films | American romantic fantasy films | American romantic musical films | Animated films about birds | Animated films about cats | Animated films about dogs | Animated films about fairies | Animated films about horses | Animated films about mice | Animated films about royalty | Animated films about talking animals | Animated films about wish fulfillment | Animated films based on Cinderella | Animated films set in country houses | Animated films set in France | Animated films set in palaces | Animated films set in the 19th century | Animated romance films | Cinderella (franchise) | Disney animated films based on fairy tales | Disney Princess films | English-language musical fantasy films | English-language romantic fantasy films | English-language romantic musical films | Films about abuse | Films about weddings | Films based on Charles Perrault's Cinderella | Films directed by Clyde Geronimi | Films directed by Hamilton Luske | Films directed by Wilfred Jackson | Films produced by Walt Disney | Films scored by Oliver Wallace | Films scored by Paul Smith (composer) | Films set in the 1850s | Films with screenplays by Bill Peet | Films with screenplays by Erdman Penner | Films with screenplays by Harry Reeves | Films with screenplays by Homer Brightman | Films with screenplays by Joe Rinaldi | Films with screenplays by Ken Anderson | Films with screenplays by Ted Sears | Films with screenplays by Winston Hibler | Golden Bear winners | RKO Pictures films | Rotoscoped films | United States National Film Registry films | Walt Disney Animation Studios films
1950,7,Father of the Bride,"Loew's, Inc.",4150000,"$4,150,000",https://en.wikipedia.org/wiki/Father_of_the_Bride_(1950_film),https://en.wikipedia.org/wiki/List_of_1950_box_office_number-one_films_in_the_United_States,Highest-grossing films of 1950,ok,Father of the Bride (1950 film),FatheroftheBride1950.jpg,https://upload.wikimedia.org/wikipedia/en/thumb/f/fd/FatheroftheBride1950.jpg/250px-FatheroftheBride1950.jpg,https://upload.wikimedia.org/wikipedia/en/thumb/f/fd/FatheroftheBride1950.jpg/250px-FatheroftheBride1950.jpg,https://en.wikipedia.org/wiki/Father_of_the_Bride_%281950_film%29,https://en.wikipedia.org/wiki/File:FatheroftheBride1950.jpg,covers/1950_7_father_of_the_bride.jpg,2026-05-12T03:17:54,ok,,2026-05-25T14:50:18,Father of the Bride (1950 film),Father of the Bride (1950 film),https://en.wikipedia.org/wiki/Father_of_the_Bride_(1950_film),Vincente Minnelli,Pandro S. Berman,Frances Goodrich Albert Hackett,Father of the Bride (novel) (Father of the Bride by Edward Streeter),Spencer Tracy Joan Bennett Elizabeth Taylor,Adolph Deutsch,John Alton,Ferris Webster,Metro-Goldwyn-Mayer,1950-05-18 (New York City); 1950-06-16 (United States),92 minutes,United States,English,"$1,215,000","$6,084,000",,,https://www.imdb.com/title/tt0042451/,90%,31,7.3/10,https://www.rottentomatoes.com/m/1007154-father_of_the_bride,1950 films | Vague or ambiguous geographic scope from May 2021 | Father of the Bride (franchise) | 1950 romantic comedy films | 1950 American films | 1950 English-language films | American black-and-white films | American romantic comedy films | Films about families | Films about father–daughter relationships | Films about weddings in the United States | Films adapted into television shows | Films based on American novels | Films directed by Vincente Minnelli | Films produced by Pandro S. Berman | Films scored by Adolph Deutsch | Films shot in California | Metro-Goldwyn-Mayer films | English-language romantic comedy films
1950,8,Sands of Iwo Jima,Republic Pictures,3900000,"$3,900,000",https://en.wikipedia.org/wiki/Sands_of_Iwo_Jima,https://en.wikipedia.org/wiki/List_of_1950_box_office_number-one_films_in_the_United_States,Highest-grossing films of 1950,ok,Sands of Iwo Jima,Sands of Iwo Jima poster.jpg,https://upload.wikimedia.org/wikipedia/en/thumb/f/f3/Sands_of_Iwo_Jima_poster.jpg/250px-Sands_of_Iwo_Jima_poster.jpg,https://upload.wikimedia.org/wikipedia/en/thumb/f/f3/Sands_of_Iwo_Jima_poster.jpg/250px-Sands_of_Iwo_Jima_poster.jpg,https://en.wikipedia.org/wiki/Sands_of_Iwo_Jima,https://en.wikipedia.org/wiki/File:Sands_of_Iwo_Jima_poster.jpg,covers/1950_8_sands_of_iwo_jima.jpg,2026-05-12T03:17:54,ok,,2026-05-25T14:50:18,Sands of Iwo Jima,Sands of Iwo Jima,https://en.wikipedia.org/wiki/Sands_of_Iwo_Jima,Allan Dwan,Herbert Yates,"Harry Brown (writer), Harry Brown, James Edward Grant",,"John Wayne, John Agar, Adele Mara, Forrest Tucker, Wally Cassell, James Brown (Rin Tin Tin), James Brown, Richard Webb (actor), Richard Webb, Arthur Franz, Julie Bishop (actress), Julie Bishop, James Holden (actor), James Holden, Peter Coe, Richard Jaeckel",Victor Young,Reggie Lanning,Richard L. Van Enger,Republic Pictures,"1949-12-14 (San Francisco, premiere)","100 minutes, 109 minutes",United States,English,"$1,397,558","$4 million (US/Canada rentals) or $4,227,407 (as at 27 March 1953)",,,https://www.imdb.com/title/tt0041841/,,,,,Articles needing additional references from June 2021 | 1949 films | 1940s war drama films | American war drama films | American black-and-white films | Films about the Battle of Iwo Jima | Pacific War films | Republic Pictures films | World War II films based on actual events | Films set in Kiribati | Films directed by Allan Dwan | Films with screenplays by Harry Brown (writer) | Films scored by Victor Young | Films about the United States Marine Corps | 1949 drama films | Films shot in California | 1949 English-language films | 1949 American films | English-language war drama films | Films about American military personnel
1950,9,Broken Arrow,20th Century Fox,3550000,"$3,550,000",https://en.wikipedia.org/wiki/Broken_Arrow_(1950_film),https://en.wikipedia.org/wiki/List_of_1950_box_office_number-one_films_in_the_United_States,Highest-grossing films of 1950,ok,Broken Arrow (1950 film),Broken Arrow Film Poster.jpg,https://upload.wikimedia.org/wikipedia/en/thumb/2/21/Broken_Arrow_Film_Poster.jpg/250px-Broken_Arrow_Film_Poster.jpg,https://upload.wikimedia.org/wikipedia/en/thumb/2/21/Broken_Arrow_Film_Poster.jpg/250px-Broken_Arrow_Film_Poster.jpg,https://en.wikipedia.org/wiki/Broken_Arrow_%281950_film%29,https://en.wikipedia.org/wiki/File:Broken_Arrow_Film_Poster.jpg,covers/1950_9_broken_arrow.jpg,2026-05-12T03:17:54,ok,,2026-05-25T14:50:18,Broken Arrow (1950 film),Broken Arrow (1950 film),https://en.wikipedia.org/wiki/Broken_Arrow_(1950_film),Delmer Daves,Julian Blaustein,Albert Maltz,Blood Brother by Elliott Arnold,James Stewart Jeff Chandler Debra Paget Basil Ruysdael Will Geer Arthur Hunnicutt,Hugo Friedhofer,Ernest Palmer,J. Watson Webb Jr.,20th Century Fox,1950-07-20,93 minutes,United States,English,,$3.6 million (US rentals),,,https://www.imdb.com/title/tt0042286/,,,,,1950 films | 1950 Western (genre) films | 1950 American films | 1950 English-language films | 20th Century Fox films | American Western (genre) films | Apache Wars films | Films adapted into comics | Films about Native Americans | Films based on American Western (genre) novels | Films directed by Delmer Daves | Films scored by Hugo Friedhofer | Films set in Arizona | Films set in the 1860s | Films shot in Arizona | Revisionist Western (genre) films | Western (genre) cavalry films | English-language Western (genre) films
1950,10,Twelve O'Clock High,20th Century-Fox,3225000,"$3,225,000",https://en.wikipedia.org/wiki/Twelve_O%27Clock_High,https://en.wikipedia.org/wiki/List_of_1950_box_office_number-one_films_in_the_United_States,Highest-grossing films of 1950,ok,Twelve O'Clock High,Twelve O'Clock High (1949 poster).jpg,https://upload.wikimedia.org/wikipedia/commons/thumb/e/e7/Twelve_O%27Clock_High_%281949_poster%29.jpg/250px-Twelve_O%27Clock_High_%281949_poster%29.jpg,https://upload.wikimedia.org/wikipedia/commons/thumb/e/e7/Twelve_O%27Clock_High_%281949_poster%29.jpg/250px-Twelve_O%27Clock_High_%281949_poster%29.jpg,https://en.wikipedia.org/wiki/Twelve_O%27Clock_High,https://en.wikipedia.org/wiki/File:Twelve_O%27Clock_High_%281949_poster%29.jpg,covers/1950_10_twelve_o_clock_high.jpg,2026-05-12T03:17:54,ok,,2026-05-25T14:50:18,Twelve O'Clock High,Twelve O'Clock High,https://en.wikipedia.org/wiki/Twelve_O%27Clock_High,Henry King,Darryl F. Zanuck,Henry King (uncredited) Sy Bartlett Beirne Lay Jr.,Twelve O'Clock High (Sy Bartlett and Beirne Lay Jr.),Gregory Peck,Alfred Newman,Leon Shamroy,Barbara McLean,,1949-12-21 (Los Angeles); 1950-01-26 (New York City),132 minutes,United States,English,,$3.2 million (U.S. rentals),,,https://www.imdb.com/title/tt0041996/locations,,,,https://www.rottentomatoes.com/m/1022172-twelve_oclock_high,Webarchive template wayback links | 1949 films | Rotten Tomatoes ID same as Wikidata | 1949 war films | American war films | American aviation films | American black-and-white films | 1949 English-language films | World War II films based on actual events | World War II aviation films | Films about the United States Army Air Forces | Films adapted into television shows | Boeing B-17 Flying Fortress | Films based on American novels | Films featuring a Best Supporting Actor Academy Award–winning performance | Films that won the Best Sound Mixing Academy Award | 20th Century Fox films | Films directed by Henry King | Films produced by Darryl F. Zanuck | Films scored by Alfred Newman | United States National Film Registry films | 1949 American films | English-language war films
1951,1,David and Bathsheba,20th Century-Fox,7000000,"$7,000,000",https://en.wikipedia.org/wiki/David_and_Bathsheba_(film),https://en.wikipedia.org/wiki/List_of_1951_box_office_number-one_films_in_the_United_States,Highest-grossing films of 1951,ok,David and Bathsheba (film),David Bathsheba.jpg,https://upload.wikimedia.org/wikipedia/en/thumb/7/70/David_Bathsheba.jpg/250px-David_Bathsheba.jpg,https://upload.wikimedia.org/wikipedia/en/thumb/7/70/David_Bathsheba.jpg/250px-David_Bathsheba.jpg,https://en.wikipedia.org/wiki/David_and_Bathsheba_%28film%29,https://en.wikipedia.org/wiki/File:David_Bathsheba.jpg,covers/1951_1_david_and_bathsheba.jpg,2026-05-12T03:30:31,ok,,2026-05-25T14:50:18,David and Bathsheba (film),David and Bathsheba (film),https://en.wikipedia.org/wiki/David_and_Bathsheba_(film),Henry King,Darryl F. Zanuck,Philip Dunne,Second Book of Samuel,Gregory Peck Susan Hayward Raymond Massey Kieron Moore James Robertson Justice,Alfred Newman Edward Powell,Leon Shamroy,Barbara McLean,,1951-08-14 (New York City); 1951-08-30 (Los Angeles),116 minutes,United States,English,$2.17 million,$4.72 million (U.S. and Canada rentals),,,https://www.imdb.com/title/tt0043455/,,,,,1951 films | 20th Century Fox films | Films directed by Henry King | 1951 drama films | Films about adultery | Films set in the 11th century BC | Films set in the 10th century BC | Films set in Jerusalem | American drama films | American religious epic films | Films with screenplays by Philip Dunne | Films produced by Darryl F. Zanuck | Films scored by Alfred Newman | Cultural depictions of Bathsheba | Films about David | 1951 English-language films | 1951 American films | Censored films | Religious controversies in film | English-language drama films
1951,2,Show Boat,"Loew's, Inc.",5200000,"$5,200,000",https://en.wikipedia.org/wiki/Show_Boat_(1951_film),https://en.wikipedia.org/wiki/List_of_1951_box_office_number-one_films_in_the_United_States,Highest-grossing films of 1951,ok,Show Boat (1951 film),Showboat1951film.jpg,https://upload.wikimedia.org/wikipedia/en/0/02/Showboat1951film.jpg,https://upload.wikimedia.org/wikipedia/en/0/02/Showboat1951film.jpg,https://en.wikipedia.org/wiki/Show_Boat_%281951_film%29,https://en.wikipedia.org/wiki/File:Showboat1951film.jpg,covers/1951_2_show_boat.jpg,2026-05-12T03:30:31,ok,,2026-05-25T14:50:18,Show Boat (1951 film),Show Boat (1951 film),https://en.wikipedia.org/wiki/Show_Boat_(1951_film),George Sidney,Arthur Freed,John Lee Mahin,"Show Boat (novel) (Show Boat 1926 novel, Edna Ferber) Show Boat 1927 musical (Jerome Kern and Oscar Hammerstein II)",Kathryn Grayson Ava Gardner Howard Keel Joe E. Brown Marge Champion Gower Champion Agnes Moorehead William Warfield,Jerome Kern,Charles Rosher,John D. Dunning,Metro-Goldwyn-Mayer,"Film date, 1951, 07, 17, Los Angeles, ref1=, 1951, 07, 19, New York City, 1951, 09, 24, United States, ref2=",107 minutes,United States,English,"$2,389,000","$7,621,000",,,https://www.imdb.com/title/tt0044030/,,,,,1951 films | 1950s romantic musical films | 1950s romantic comedy-drama films | American musical comedy-drama films | American romantic musical films | American romantic comedy-drama films | 1951 English-language films | Films directed by George Sidney | Films scored by Adolph Deutsch | Metro-Goldwyn-Mayer films | Films based on musicals by Jerome Kern | Films based on American novels | Films produced by Arthur Freed | Films about interracial romance | Films set on boats | Musical film remakes | Sound film remakes of silent films | American seafaring films | Films based on adaptations | Films based on works by Edna Ferber | 1950s musical comedy-drama films | 1951 comedy films | 1951 drama films | 1951 American films | Whitewashing in film | English-language romantic comedy-drama films | English-language musical comedy-drama films | English-language romantic musical films
1951,3,An American in Paris,Loew's Inc.,4500000,"$4,500,000",https://en.wikipedia.org/wiki/An_American_in_Paris_(film),https://en.wikipedia.org/wiki/List_of_1951_box_office_number-one_films_in_the_United_States,Highest-grossing films of 1951,ok,An American in Paris (film),An American in Paris (1951 film poster).jpg,https://upload.wikimedia.org/wikipedia/commons/thumb/8/8d/An_American_in_Paris_%281951_film_poster%29.jpg/250px-An_American_in_Paris_%281951_film_poster%29.jpg,https://upload.wikimedia.org/wikipedia/commons/thumb/8/8d/An_American_in_Paris_%281951_film_poster%29.jpg/250px-An_American_in_Paris_%281951_film_poster%29.jpg,https://en.wikipedia.org/wiki/An_American_in_Paris_%28film%29,https://en.wikipedia.org/wiki/File:An_American_in_Paris_%281951_film_poster%29.jpg,covers/1951_3_an_american_in_paris.jpg,2026-05-12T03:30:31,ok,,2026-05-25T14:50:18,An American in Paris (film),An American in Paris (film),https://en.wikipedia.org/wiki/An_American_in_Paris_(film),Vincente Minnelli,Arthur Freed,Alan Jay Lerner,,Gene Kelly Leslie Caron Oscar Levant Georges Guétary Nina Foch,George Gershwin 'Lyrics:' Ira Gershwin 'Musical direction:' Johnny Green Saul Chaplin,Alfred Gilks 'Ballet:' John Alton,Adrienne Fazan,Metro-Goldwyn-Mayer,"Film date, 1951, 10, 4, New York, ref1=, 1951, 11, 11, USA",113 minutes,United States,English,$2.7 million,$7 million,,,https://www.imdb.com/title/tt0043278/,,,,https://www.rottentomatoes.com/m/american_in_paris,Webarchive template wayback links | 1951 films | Rotten Tomatoes ID same as Wikidata | 1951 romantic comedy films | 1951 American films | 1951 English-language films | 1950s romantic musical films | American romantic musical films | American romantic comedy films | Best Musical or Comedy Picture Golden Globe winners | Best Picture Academy Award winners | Films about fictional painters | Films adapted into plays | Films awarded an Academy Honorary Award | Films directed by Vincente Minnelli | Films produced by Arthur Freed | Films scored by Johnny Green | Films scored by Saul Chaplin | Films set in France | Films set in Paris | Films shot in France | Films shot in Paris | Films that won the Best Costume Design Academy Award | Films that won the Best Original Score Academy Award | Films whose production designer won the Best Production Design Academy Award | Films whose cinematographer won the Best Cinematography Academy Award | Films whose writer won the Best Original Screenplay Academy Award | Films with screenplays by Alan Jay Lerner | Films scored by George Gershwin | Films with songs by Ira Gershwin | Jukebox musical films | Metro-Goldwyn-Mayer films | United States National Film Registry films | English-language romantic comedy films | English-language romantic musical films
1951,4,The Great Caruso,Loew's Inc.,4500000,"$4,500,000",https://en.wikipedia.org/wiki/The_Great_Caruso,https://en.wikipedia.org/wiki/List_of_1951_box_office_number-one_films_in_the_United_States,Highest-grossing films of 1951,ok,The Great Caruso,Great caruso (1951).jpeg,https://upload.wikimedia.org/wikipedia/en/e/e0/Great_caruso_%281951%29.jpeg,https://upload.wikimedia.org/wikipedia/en/e/e0/Great_caruso_%281951%29.jpeg,https://en.wikipedia.org/wiki/The_Great_Caruso,https://en.wikipedia.org/wiki/File:Great_caruso_%281951%29.jpeg,covers/1951_4_the_great_caruso.jpg,2026-05-12T03:30:31,ok,,2026-05-25T14:50:18,The Great Caruso,The Great Caruso,https://en.wikipedia.org/wiki/The_Great_Caruso,Richard Thorpe,Joe Pasternak,William Ludwig,"Enrico Caruso, His Life and Death 1945 book (Dorothy Caruso)",Mario Lanza,Johnny Green,Joseph Ruttenberg,Gene Ruggiero,Metro-Goldwyn-Mayer,1951-04-26 (Cincinnati); 1951-05-10 (New York) (ref1=) (ref2=),109 mins,United States,English,"$1,853,000","$9,269,000",,,https://www.imdb.com/title/tt0043599/,,,,,1951 films | Wikipedia articles without plot summaries from May 2025 | Articles needing additional references from December 2025 | 1950s biographical drama films | American biographical drama films | Biographical films about singers | 1951 English-language films | Films about opera | Films directed by Richard Thorpe | Films that won the Best Sound Mixing Academy Award | Metro-Goldwyn-Mayer films | Musical films based on actual events | Films produced by Joe Pasternak | Films with screenplays by William Ludwig | Cultural depictions of Enrico Caruso | 1951 drama films | 1951 American films | Films scored by Johnny Green | English-language biographical drama films
1951,5,A Streetcar Named Desire,Warner Bros. Pictures,4250000,"$4,250,000",https://en.wikipedia.org/wiki/A_Streetcar_Named_Desire_(1951_film),https://en.wikipedia.org/wiki/List_of_1951_box_office_number-one_films_in_the_United_States,Highest-grossing films of 1951,ok,A Streetcar Named Desire (1951 film),A Streetcar Named Desire (1951).jpg,https://upload.wikimedia.org/wikipedia/commons/thumb/f/fe/A_Streetcar_Named_Desire_%281951%29.jpg/250px-A_Streetcar_Named_Desire_%281951%29.jpg,https://upload.wikimedia.org/wikipedia/commons/thumb/f/fe/A_Streetcar_Named_Desire_%281951%29.jpg/250px-A_Streetcar_Named_Desire_%281951%29.jpg,https://en.wikipedia.org/wiki/A_Streetcar_Named_Desire_%281951_film%29,https://en.wikipedia.org/wiki/File:A_Streetcar_Named_Desire_%281951%29.jpg,covers/1951_5_a_streetcar_named_desire.jpg,2026-05-12T03:30:31,ok,,2026-05-25T14:50:18,A Streetcar Named Desire (1951 film),A Streetcar Named Desire (1951 film),https://en.wikipedia.org/wiki/A_Streetcar_Named_Desire_(1951_film),Elia Kazan,Charles K. Feldman,Tennessee Williams Oscar Saul (adaptation),A Streetcar Named Desire 1947 play (Tennessee Williams),"Plain list, Vivien Leigh Marlon Brando Kim Hunter Karl Malden",Alex North,Harry Stradling,David Weisbart,,"Film date, 1951, 09, 19, New York, ref1=",125 minutes,United States,English,$1.8 million,"$8 million No wrap, (North America)",,,https://www.imdb.com/title/tt0044081/,,,,https://www.rottentomatoes.com/m/1020333-streetcar_named_desire,Rotten Tomatoes ID same as Wikidata | Rotten Tomatoes template using name parameter | 1951 films | Articles needing additional references from September 2024 | Pages using multiple image with auto scaled images | Articles lacking reliable references from May 2026 | 1951 drama films | American drama films | 1951 English-language films | Films directed by Elia Kazan | Films with screenplays by Tennessee Williams | American black-and-white films | Films about educators | Films about inheritances | Films about rape in the United States | Films scored by Alex North | American films based on plays | Films featuring a Best Actress Academy Award–winning performance | Films featuring a Best Supporting Actor Academy Award–winning performance | Films featuring a Best Supporting Actress Academy Award–winning performance | Films featuring a Best Supporting Actress Golden Globe–winning performance | Films set in New Orleans | Films shot in New Orleans | Films set in Louisiana | Films whose production designer won the Best Production Design Academy Award | Rail transport films | United States National Film Registry films | Grand Jury Prize (Venice Film Festival) winners | Southern Gothic films | Films based on works by Tennessee Williams | Warner Bros. films | 1951 American films | English-language drama films
1951,6,Born Yesterday,Columbia Pictures,4150000,"$4,150,000",https://en.wikipedia.org/wiki/Born_Yesterday_(1950_film),https://en.wikipedia.org/wiki/List_of_1951_box_office_number-one_films_in_the_United_States,Highest-grossing films of 1951,ok,Born Yesterday (1950 film),Born Yesterday (1950 poster).jpg,https://upload.wikimedia.org/wikipedia/commons/thumb/1/16/Born_Yesterday_%281950_poster%29.jpg/250px-Born_Yesterday_%281950_poster%29.jpg,https://upload.wikimedia.org/wikipedia/commons/thumb/1/16/Born_Yesterday_%281950_poster%29.jpg/250px-Born_Yesterday_%281950_poster%29.jpg,https://en.wikipedia.org/wiki/Born_Yesterday_%281950_film%29,https://en.wikipedia.org/wiki/File:Born_Yesterday_%281950_poster%29.jpg,covers/1951_6_born_yesterday.jpg,2026-05-12T03:30:31,ok,,2026-05-25T14:50:18,Born Yesterday (1950 film),Born Yesterday (1950 film),https://en.wikipedia.org/wiki/Born_Yesterday_(1950_film),George Cukor,S. Sylvan Simon,Albert Mannheimer Garson Kanin (uncredited),"Born Yesterday (play) (Born Yesterday, Garson Kanin)",Judy Holliday Broderick Crawford William Holden,Frederick Hollander,Joseph Walker,Charles Nelson,Columbia Pictures,1950-12-25,102 minutes,United States,English,,$4.15 million (US and Canada rentals),,,https://www.imdb.com/title/tt0042276/locations,,,,https://www.rottentomatoes.com/m/1002930-born_yesterday,"1950 films | 1950 comedy-drama films | 1950 romantic comedy films | 1950 romantic drama films | 1950 American films | 1950 English-language films | 1950s romantic comedy-drama films | 1950s satirical films | American black-and-white films | American films based on plays | American romantic comedy-drama films | American satirical films | Columbia Pictures films | English-language romantic comedy-drama films | Films about journalists | Films directed by George Cukor | Films featuring a Best Actress Academy Award–winning performance | Films featuring a Best Musical or Comedy Actress Golden Globe winning performance | Films scored by Friedrich Hollaender | Films set in hotels | Films set in libraries | Films set in Washington, D.C. | Films shot in Washington, D.C. | United States National Film Registry films"
1951,7,That's My Boy,Paramount Pictures,3800000,"$3,800,000",https://en.wikipedia.org/wiki/That%27s_My_Boy_(1951_film),https://en.wikipedia.org/wiki/List_of_1951_box_office_number-one_films_in_the_United_States,Highest-grossing films of 1951,ok,That's My Boy (1951 film),Thatsmyboy.jpg,https://upload.wikimedia.org/wikipedia/en/thumb/7/7f/Thatsmyboy.jpg/250px-Thatsmyboy.jpg,https://upload.wikimedia.org/wikipedia/en/thumb/7/7f/Thatsmyboy.jpg/250px-Thatsmyboy.jpg,https://en.wikipedia.org/wiki/That%27s_My_Boy_%281951_film%29,https://en.wikipedia.org/wiki/File:Thatsmyboy.jpg,covers/1951_7_that_s_my_boy.jpg,2026-05-12T03:30:31,ok,,2026-05-25T14:50:18,That's My Boy (1951 film),That's My Boy (1951 film),https://en.wikipedia.org/wiki/That%27s_My_Boy_(1951_film),Hal Walker,Cy Howard Hal B. Wallis,Cy Howard,,Dean Martin Jerry Lewis Ruth Hussey Eddie Mayehoff Polly Bergen,Leigh Harline,Lee Garmes,Warren Low,,"1951-07-20 (Atlantic City, New Jersey) (ref1=)",98 minutes,,English,,"$3.8 million (U.S. rentals) 21,386 admissions (France)",,,https://www.imdb.com/title/tt0044119/,,,,https://www.rottentomatoes.com/m/thats-my-boy-sailor-beware,1951 films | 1950s sports comedy films | American sports comedy films | American football films | American black-and-white films | 1951 English-language films | Films directed by Hal Walker | Films produced by Hal B. Wallis | Films set in universities and colleges | Paramount Pictures films | Films adapted into comics | 1951 comedy films | 1951 American films | English-language sports comedy films
1951,8,A Place in the Sun,Paramount Pictures,3500000,"$3,500,000",https://en.wikipedia.org/wiki/A_Place_in_the_Sun_(1951_film),https://en.wikipedia.org/wiki/List_of_1951_box_office_number-one_films_in_the_United_States,Highest-grossing films of 1951,ok,A Place in the Sun (1951 film),A Place in the Sun (1951 poster).jpg,https://upload.wikimedia.org/wikipedia/commons/thumb/6/66/A_Place_in_the_Sun_%281951_poster%29.jpg/250px-A_Place_in_the_Sun_%281951_poster%29.jpg,https://upload.wikimedia.org/wikipedia/commons/thumb/6/66/A_Place_in_the_Sun_%281951_poster%29.jpg/250px-A_Place_in_the_Sun_%281951_poster%29.jpg,https://en.wikipedia.org/wiki/A_Place_in_the_Sun_%281951_film%29,https://en.wikipedia.org/wiki/File:A_Place_in_the_Sun_%281951_poster%29.jpg,covers/1951_8_a_place_in_the_sun.jpg,2026-05-12T03:30:31,ok,,2026-05-25T14:50:18,A Place in the Sun (1951 film),A Place in the Sun (1951 film),https://en.wikipedia.org/wiki/A_Place_in_the_Sun_(1951_film),George Stevens,George Stevens,"Michael Wilson (writer), Michael Wilson, Harry Brown (writer), Harry Brown","An American Tragedy (1925 novel) (Theodore Dreiser) An American Tragedy (1926 play) (Patrick Kearney (playwright), Patrick Kearney)","Montgomery Clift, Elizabeth Taylor, Shelley Winters, Keefe Brasselle",Franz Waxman,William C. Mellor,William Hornbeck,Paramount Pictures,1951-04-05 (Cannes Film Festival) (Cannes); 1951-08-14 (Los Angeles) (ref2=),122 minutes,United States,English,$2.3 million,$7 million,,,https://www.imdb.com/title/tt0043924/,,,,https://www.rottentomatoes.com/m/place_in_the_sun,Webarchive template wayback links | 1951 films | Rotten Tomatoes ID same as Wikidata | Rotten Tomatoes template using name parameter | 1951 American films | 1951 English-language films | 1951 drama films | Films set in 1950 | American black-and-white films | American courtroom films | American drama films | American films based on plays | American legal drama films | Best Drama Picture Golden Globe winners | Censored films | Film noir | Films about social class | Films based on adaptations | Films based on American novels | Films based on works by Theodore Dreiser | Films directed by George Stevens | Films scored by Franz Waxman | Films that won the Best Costume Design Academy Award | Films that won the Best Original Score Academy Award | Films whose cinematographer won the Best Cinematography Academy Award | Films whose director won the Best Directing Academy Award | Films whose editor won the Best Film Editing Academy Award | Films whose writer won the Best Adapted Screenplay Academy Award | Films with screenplays by Harry Brown (writer) | Films with screenplays by Michael Wilson (writer) | Paramount Pictures films | United States National Film Registry films | Works based on An American Tragedy | English-language drama films
1951,9,At War with the Army,Paramount Pictures,3350000,"$3,350,000",https://en.wikipedia.org/wiki/At_War_with_the_Army,https://en.wikipedia.org/wiki/List_of_1951_box_office_number-one_films_in_the_United_States,Highest-grossing films of 1951,ok,At War with the Army,Atwarwiththearmy.jpg,https://upload.wikimedia.org/wikipedia/en/5/5a/Atwarwiththearmy.jpg,https://upload.wikimedia.org/wikipedia/en/5/5a/Atwarwiththearmy.jpg,https://en.wikipedia.org/wiki/At_War_with_the_Army,https://en.wikipedia.org/wiki/File:Atwarwiththearmy.jpg,covers/1951_9_at_war_with_the_army.jpg,2026-05-12T03:30:31,ok,,2026-05-25T14:50:18,At War with the Army,At War with the Army,https://en.wikipedia.org/wiki/At_War_with_the_Army,Hal Walker,Fred Finklehoffe,Fred Finklehoffe,"At War With the Army 1949 play (James B. Allardice, James Allardice)",Dean Martin Jerry Lewis Mike Kellin Jimmy Dundee Polly Bergen,Joseph J. Lilley,Stuart Thompson,Paul Weatherwax,Fred F. Finklehoffe Productions Screen Associates Inc. York Pictures Corporation,1950-12-31 (San Francisco); 1951-01-24 (New York); 1951-02-01 (Los Angeles) (ref2=) (ref3=),93 minutes,United States,English,"less than $500,000 or $420,000","$3.3 million (US rentals) 1,464,218 admissions (France)",,,https://www.imdb.com/title/tt0042209/locations/,,,,https://www.rottentomatoes.com/m/at_war_with_the_army,1950 films | Rotten Tomatoes ID same as Wikidata | Rotten Tomatoes template using name parameter | 1950 musical comedy films | Military comedy films | American musical comedy films | American World War II films | American films based on plays | Films directed by Hal Walker | Paramount Pictures films | Films about the United States Army | American black-and-white films | 1950 English-language films | 1950 American films | Films scored by Joseph J. Lilley | English-language musical comedy films
1951,10,Father's Little Dividend,"Loew's, Inc.",3100000,"$3,100,000",https://en.wikipedia.org/wiki/Father%27s_Little_Dividend,https://en.wikipedia.org/wiki/List_of_1951_box_office_number-one_films_in_the_United_States,Highest-grossing films of 1951,ok,Father's Little Dividend,Father's Little Dividend.jpg,https://upload.wikimedia.org/wikipedia/en/2/2c/Father%27s_Little_Dividend.jpg,https://upload.wikimedia.org/wikipedia/en/2/2c/Father%27s_Little_Dividend.jpg,https://en.wikipedia.org/wiki/Father%27s_Little_Dividend,https://en.wikipedia.org/wiki/File:Father%27s_Little_Dividend.jpg,covers/1951_10_father_s_little_dividend.jpg,2026-05-12T03:30:31,ok,,2026-05-25T14:50:18,Father's Little Dividend,Father's Little Dividend,https://en.wikipedia.org/wiki/Father%27s_Little_Dividend,Vincente Minnelli,Pandro S. Berman,Albert Hackett Frances Goodrich,"Father of the Bride (novel) (Father of the Bride, Edward Streeter)","Spencer Tracy Joan Bennett Elizabeth Taylor Russ Tamblyn Don Taylor (actor), Don Taylor Billie Burke Moroni Olsen Richard Rober Marietta Canty Paul Harvey (actor), Paul Harvey",Albert Sendrey,John Alton,Ferris Webster,Metro-Goldwyn-Mayer,1951-04-05 (Hollywood); 1951-04-12 (New York) (ref1=) (ref2=),82 minutes,United States,English,"$941,000","$4,622,000",,,https://www.imdb.com/title/tt0043526/,,,,https://www.rottentomatoes.com/m/fathers_little_dividend,1951 films | Articles lacking reliable references from October 2023 | Father of the Bride (franchise) | 1951 romantic comedy films | American black-and-white films | American romantic comedy films | American sequel films | 1951 English-language films | Films about families | Films directed by Vincente Minnelli | Metro-Goldwyn-Mayer films | American pregnancy films | Articles containing video clips | 1950s pregnancy films | 1951 American films | English-language romantic comedy films
1952,1,The Greatest Show on Earth,Paramount Pictures,12000000,"$12,000,000",https://en.wikipedia.org/wiki/The_Greatest_Show_on_Earth_(film),https://en.wikipedia.org/wiki/List_of_1952_box_office_number-one_films_in_the_United_States,Highest-grossing films of 1952,ok,The Greatest Show on Earth (film),"Cecil B. DeMille's Greatest ! The Greatest Show on Earth, 1952.jpg",https://upload.wikimedia.org/wikipedia/commons/thumb/7/7f/Cecil_B._DeMille%27s_Greatest_%21_The_Greatest_Show_on_Earth%2C_1952.jpg/250px-Cecil_B._DeMille%27s_Greatest_%21_The_Greatest_Show_on_Earth%2C_1952.jpg,https://upload.wikimedia.org/wikipedia/commons/thumb/7/7f/Cecil_B._DeMille%27s_Greatest_%21_The_Greatest_Show_on_Earth%2C_1952.jpg/250px-Cecil_B._DeMille%27s_Greatest_%21_The_Greatest_Show_on_Earth%2C_1952.jpg,https://en.wikipedia.org/wiki/The_Greatest_Show_on_Earth_%28film%29,https://en.wikipedia.org/wiki/File:Cecil_B._DeMille%27s_Greatest_%21_The_Greatest_Show_on_Earth%2C_1952.jpg,covers/1952_1_the_greatest_show_on_earth.jpg,2026-05-12T03:39:16,ok,,2026-05-25T14:50:18,The Greatest Show on Earth (film),The Greatest Show on Earth (film),https://en.wikipedia.org/wiki/The_Greatest_Show_on_Earth_(film),Cecil B. DeMille,Cecil B. DeMille,"Fredric M. Frank, Theodore St. John, Barré Lyndon",,"Betty Hutton, Cornel Wilde, Charlton Heston, Dorothy Lamour, Gloria Grahame, Henry Wilcoxon, Lyle Bettger, Lawrence Tierney, Emmett Kelly, Cucciola, Antoinette Concello, James Stewart",Victor Young,George Barnes,Anne Bauchens,,"1952-01-10 (New York City, premiere)",152 minutes,United States,English,$4 million,$36 million,,,https://www.imdb.com/title/tt0044672/,,,,https://web.archive.org/web/20110504111026/http://www.rottentomatoes.com/guides/best_of_the_best_pictures_2011/,1952 films | Rotten Tomatoes ID same as Wikidata | Rotten Tomatoes template using name parameter | 1952 drama films | 1952 American films | 1952 English-language films | American drama films | Best Drama Picture Golden Globe winners | Best Picture Academy Award winners | Circus films | Cultural depictions of P. T. Barnum | English-language drama films | Films about euthanasia | Films directed by Cecil B. DeMille | Films scored by Victor Young | Films shot in Florida | Films about railway accidents and incidents | Films shot in Philadelphia | Films that won the Academy Award for Best Story | Films whose director won the Best Director Golden Globe | Paramount Pictures films | Rail transport films | Ringling Bros. and Barnum & Bailey Circus
1952,2,Quo Vadis,"Loew's, Inc.",10500000,"$10,500,000",https://en.wikipedia.org/wiki/Quo_Vadis_(1951_film),https://en.wikipedia.org/wiki/List_of_1952_box_office_number-one_films_in_the_United_States,Highest-grossing films of 1952,ok,Quo Vadis (1951 film),Poster - Quo Vadis (1951) 01.jpg,https://upload.wikimedia.org/wikipedia/commons/thumb/a/ad/Poster_-_Quo_Vadis_%281951%29_01.jpg/250px-Poster_-_Quo_Vadis_%281951%29_01.jpg,https://upload.wikimedia.org/wikipedia/commons/thumb/a/ad/Poster_-_Quo_Vadis_%281951%29_01.jpg/250px-Poster_-_Quo_Vadis_%281951%29_01.jpg,https://en.wikipedia.org/wiki/Quo_Vadis_%281951_film%29,https://en.wikipedia.org/wiki/File:Poster_-_Quo_Vadis_%281951%29_01.jpg,covers/1952_2_quo_vadis.jpg,2026-05-12T03:39:16,ok,,2026-05-25T14:59:07,Quo Vadis (1951 film),Quo Vadis (1951 film),https://en.wikipedia.org/wiki/Quo_Vadis_(1951_film),Mervyn LeRoy,Sam Zimbalist,S. N. Behrman Sonya Levien John Lee Mahin,"Quo Vadis (novel) (Quo Vadis 1896 novel, Henryk Sienkiewicz)",Robert Taylor Deborah Kerr Leo Genn Peter Ustinov,Miklós Rózsa,Robert Surtees William V. Skall,Ralph E. Winters,Metro-Goldwyn-Mayer,1951-11-02,171 minutes,United States,English,$7.6 million,$21 million,,,https://www.imdb.com/title/tt0043949/,,,,https://www.rottentomatoes.com/m/1017021_quo_vadis,1951 films | 1951 historical films | American religious epic films | Depictions of Nero on film | 1951 English-language films | Films about Christianity | Films about rebellions | Epic films based on actual events | Films based on Quo Vadis | Films directed by Mervyn LeRoy | Films set in 1st-century Roman Empire | Films scored by Miklós Rózsa | Films with screenplays by Sonya Levien | Cultural depictions of Seneca the Younger | Cultural depictions of Poppaea Sabina | Films featuring a Best Supporting Actor Golden Globe winning performance | Cultural depictions of Saint Peter | Cultural depictions of Paul the Apostle | Films adapted into comics | Metro-Goldwyn-Mayer films | 1951 American films | Cultural depictions of Galba | Portrayals of Jesus in film
1952,3,Ivanhoe,Loew's Inc.,7000000,"$7,000,000",https://en.wikipedia.org/wiki/Ivanhoe_(1952_film),https://en.wikipedia.org/wiki/List_of_1952_box_office_number-one_films_in_the_United_States,Highest-grossing films of 1952,ok,Ivanhoe (1952 film),Ivanhoe (1952 movie poster).jpg,https://upload.wikimedia.org/wikipedia/en/thumb/0/06/Ivanhoe_%281952_movie_poster%29.jpg/250px-Ivanhoe_%281952_movie_poster%29.jpg,https://upload.wikimedia.org/wikipedia/en/thumb/0/06/Ivanhoe_%281952_movie_poster%29.jpg/250px-Ivanhoe_%281952_movie_poster%29.jpg,https://en.wikipedia.org/wiki/Ivanhoe_%281952_film%29,https://en.wikipedia.org/wiki/File:Ivanhoe_%281952_movie_poster%29.jpg,covers/1952_3_ivanhoe.jpg,2026-05-12T03:39:16,ok,,2026-05-25T14:59:08,Ivanhoe (1952 film),Ivanhoe (1952 film),https://en.wikipedia.org/wiki/Ivanhoe_(1952_film),Richard Thorpe,Pandro S. Berman,Aeneas MacKenzie Noel Langley Marguerite Roberts,Ivanhoe 1819 novel (Sir Walter Scott),Robert Taylor Elizabeth Taylor Joan Fontaine George Sanders Emlyn Williams,Miklós Rózsa,Freddie Young,Frank Clarke,Metro-Goldwyn-Mayer,1952-07-31 (New York) (ref1=),107 minutes,United Kingdom United States,English,"$3,737,000","$9,737,000",,,https://www.imdb.com/title/tt0044760/,,,,https://www.rottentomatoes.com/m/1010824-ivanhoe,"1952 films | Rotten Tomatoes ID same as Wikidata | 1950s adventure drama films | American adventure drama films | 1952 English-language films | American swashbuckler films | 1950s swashbuckler films | Robin Hood films | Films based on Ivanhoe | Films set in 12th-century Plantagenet England | Films set in country houses | Metro-Goldwyn-Mayer films | Films directed by Richard Thorpe | Films produced by Pandro S. Berman | Films scored by Miklós Rózsa | Films adapted into comics | Cultural depictions of Richard I of England | Cultural depictions of John, King of England | 1952 drama films | Films with screenplays by Noel Langley | Films shot at MGM-British Studios | 1952 American films | English-language adventure drama films"
1952,4,The Snows of Kilimanjaro,20th Century-Fox,6500000,"$6,500,000",https://en.wikipedia.org/wiki/The_Snows_of_Kilimanjaro_(1952_film),https://en.wikipedia.org/wiki/List_of_1952_box_office_number-one_films_in_the_United_States,Highest-grossing films of 1952,ok,The Snows of Kilimanjaro (1952 film),The Snows of Kilimanjaro.jpg,https://upload.wikimedia.org/wikipedia/en/1/14/The_Snows_of_Kilimanjaro.jpg,https://upload.wikimedia.org/wikipedia/en/1/14/The_Snows_of_Kilimanjaro.jpg,https://en.wikipedia.org/wiki/The_Snows_of_Kilimanjaro_%281952_film%29,https://en.wikipedia.org/wiki/File:The_Snows_of_Kilimanjaro.jpg,covers/1952_4_the_snows_of_kilimanjaro.jpg,2026-05-12T03:39:16,ok,,2026-05-25T14:59:09,The Snows of Kilimanjaro (1952 film),The Snows of Kilimanjaro (1952 film),https://en.wikipedia.org/wiki/The_Snows_of_Kilimanjaro_(1952_film),Henry King,Darryl F. Zanuck,Casey Robinson,"""The Snows of Kilimanjaro (short story) (The Snows of Kilimanjaro"" story in Esquire (magazine), Esquire, Ernest Hemingway)",Gregory Peck Susan Hayward Ava Gardner Leo G. Carroll Torin Thatcher Ava Norring Helene Stanley Marcel Dalio Vicente Gómez Richard Allan,Bernard Herrmann,Leon Shamroy,Barbara McLean,20th Century-Fox,"Film date, 1952, 9, 17, New York, ref1=, 1952, 10, 23, Los Angeles",114 minutes,United States,English,$2.7–3 million,$6.5–12.5 million,,,https://www.imdb.com/title/tt0045162/,,,,https://www.rottentomatoes.com/m/snows_of_kilimanjaro,1952 films | 1952 romantic drama films | 1950s adventure drama films | 1952 American films | 1952 English-language films | 20th Century Fox films | American adventure drama films | American romantic drama films | Films about writers | Films based on American short stories | Films based on works by Ernest Hemingway | Films directed by Henry King | Films produced by Darryl F. Zanuck | Films scored by Bernard Herrmann | Films set in Kenya | Films set in Paris | Films set in Spain | Films shot in Egypt | Films shot in Kenya | Films shot in Paris | Spanish Civil War films | Articles containing video clips | English-language romantic drama films | English-language adventure drama films
1952,5,Sailor Beware,Paramount Pictures,4300000,"$4,300,000",https://en.wikipedia.org/wiki/Sailor_Beware_(1952_film),https://en.wikipedia.org/wiki/List_of_1952_box_office_number-one_films_in_the_United_States,Highest-grossing films of 1952,ok,Sailor Beware (1952 film),Sailorbeware.jpg,https://upload.wikimedia.org/wikipedia/en/thumb/3/34/Sailorbeware.jpg/250px-Sailorbeware.jpg,https://upload.wikimedia.org/wikipedia/en/thumb/3/34/Sailorbeware.jpg/250px-Sailorbeware.jpg,https://en.wikipedia.org/wiki/Sailor_Beware_%281952_film%29,https://en.wikipedia.org/wiki/File:Sailorbeware.jpg,covers/1952_5_sailor_beware.jpg,2026-05-12T03:39:16,ok,,2026-05-25T14:59:10,Sailor Beware (1952 film),Sailor Beware (1952 film),https://en.wikipedia.org/wiki/Sailor_Beware_(1952_film),Hal Walker,Hal B. Wallis,James Allardice Martin Rackin,"Sailor Beware! (play) (Sailor Beware! 1933 play, Kenyon Nicholson Charles Robinson)",Jerry Lewis Dean Martin Marion Marshall Corinne Calvet Leif Erickson,Joseph J. Lilley,Daniel L. Fapp,Warren Low,,1952-02-09,108 minutes,United States,English,,"$4.3 million (US) 854,588 admissions (France)",,,https://www.imdb.com/title/tt0043989/,,,,https://www.rottentomatoes.com/m/sailor_beware,1952 films | Rotten Tomatoes ID same as Wikidata | 1952 comedy films | American comedy films | Military comedy films | American black-and-white films | 1952 English-language films | American films based on plays | Films directed by Hal Walker | Films produced by Hal B. Wallis | Paramount Pictures films | Films about the United States Navy | Films scored by Leigh Harline | 1952 American films | English-language comedy films
1952,6,The African Queen,"United Artists (US), Independent Film Distributors (UK)",4000000,"$4,000,000",https://en.wikipedia.org/wiki/The_African_Queen_(film),https://en.wikipedia.org/wiki/List_of_1952_box_office_number-one_films_in_the_United_States,Highest-grossing films of 1952,ok,The African Queen,The African Queen (1952 US poster).jpg,https://upload.wikimedia.org/wikipedia/commons/thumb/8/81/The_African_Queen_%281952_US_poster%29.jpg/250px-The_African_Queen_%281952_US_poster%29.jpg,https://upload.wikimedia.org/wikipedia/commons/thumb/8/81/The_African_Queen_%281952_US_poster%29.jpg/250px-The_African_Queen_%281952_US_poster%29.jpg,https://en.wikipedia.org/wiki/The_African_Queen_%28film%29,https://en.wikipedia.org/wiki/File:The_African_Queen_%281952_US_poster%29.jpg,covers/1952_6_the_african_queen.jpg,2026-05-12T03:39:16,ok,,2026-05-25T14:50:18,The African Queen,The African Queen,https://en.wikipedia.org/wiki/The_African_Queen_(film),John Huston,Sam Spiegel,James Agee John Huston,"The African Queen (novel) (The African Queen 1935 novel, C. S. Forester)",Humphrey Bogart Katharine Hepburn Robert Morley Peter Bull Theodore Bikel Walter Gotell Peter Swanwick Richard Marner,Allan Gray,Jack Cardiff,Ralph Kemplen,Horizon Pictures Romulus Films,"Film date, 1951, 12, 26, Fox Wilshire Theatre, ref1=",105 minutes,United States United Kingdom,English German Swahili,$1 million,$10.75 million,,,https://www.imdb.com/title/tt0043265/,,,,https://www.rottentomatoes.com/m/african_queen,1951 films | Articles containing German-language text | 1950s adventure drama films | 1950s romance films | American adventure drama films | Articles containing video clips | British adventure drama films | 1951 English-language films | Films based on British novels | Films based on works by C. S. Forester | Films based on romance novels | Films directed by John Huston | Films featuring a Best Actor Academy Award–winning performance | Films produced by Sam Spiegel | Films set in 1914 | Films set in Burundi | Films set in jungles | Films set in Rwanda | Films set in Tanzania | Films set on boats | Films shot in the Democratic Republic of the Congo | Films shot in England | Films shot in Turkey | Films shot in Uganda | Films shot in the United States | 1951 German-language films | Horizon Pictures films | Films with screenplays by John Huston | River adventure films | Swahili-language films | United Artists films | United States National Film Registry films | World War I films set in Africa | World War I naval films | Films with screenplays by James Agee | 1951 drama films | 1951 American films | 1951 British films | British World War I films | English-language romance films | English-language adventure drama films
1952,7,Jumping Jacks,Paramount Pictures,4000000,"$4,000,000",https://en.wikipedia.org/wiki/Jumping_Jacks,https://en.wikipedia.org/wiki/List_of_1952_box_office_number-one_films_in_the_United_States,Highest-grossing films of 1952,ok,Jumping Jacks,Jumpingjacks.jpg,https://upload.wikimedia.org/wikipedia/en/8/83/Jumpingjacks.jpg,https://upload.wikimedia.org/wikipedia/en/8/83/Jumpingjacks.jpg,https://en.wikipedia.org/wiki/Jumping_Jacks,https://en.wikipedia.org/wiki/File:Jumpingjacks.jpg,covers/1952_7_jumping_jacks.jpg,2026-05-12T03:39:16,ok,,2026-05-25T14:50:18,Jumping Jacks,Jumping Jacks,https://en.wikipedia.org/wiki/Jumping_Jacks,Norman Taurog,Hal B. Wallis,Robert Lees Fred Rinaldo Herbert Baker,,Dean Martin Jerry Lewis Mona Freeman Don DeFore Robert Strauss,Joseph J. Lilley,Daniel L. Fapp,Stanley E. Johnson,,1952-06-11,96 min.,United States,English,,"$4 million (US) 586,195 admissions (France)",,,https://www.imdb.com/title/tt0044774/,,,,https://www.rottentomatoes.com/m/jumping_jacks,1952 films | Rotten Tomatoes ID same as Wikidata | 1952 comedy films | American aviation films | American black-and-white films | American buddy comedy films | 1952 English-language films | Films directed by Norman Taurog | Films produced by Hal B. Wallis | Military comedy films | Paramount Pictures films | Films about the United States Army | 1952 American films | Films scored by Joseph J. Lilley | Films about parachuting
1952,8,High Noon,United Artists,3400000,"$3,400,000",https://en.wikipedia.org/wiki/High_Noon,https://en.wikipedia.org/wiki/List_of_1952_box_office_number-one_films_in_the_United_States,Highest-grossing films of 1952,ok,High Noon,High Noon (1952 poster).jpg,https://upload.wikimedia.org/wikipedia/commons/thumb/8/81/High_Noon_%281952_poster%29.jpg/250px-High_Noon_%281952_poster%29.jpg,https://upload.wikimedia.org/wikipedia/commons/thumb/8/81/High_Noon_%281952_poster%29.jpg/250px-High_Noon_%281952_poster%29.jpg,https://en.wikipedia.org/wiki/High_Noon,https://en.wikipedia.org/wiki/File:High_Noon_%281952_poster%29.jpg,covers/1952_8_high_noon.jpg,2026-05-12T03:39:16,ok,,2026-05-25T14:50:18,High Noon,High Noon,https://en.wikipedia.org/wiki/High_Noon,Fred Zinnemann,Stanley Kramer (uncredited),Carl Foreman,"""The Tin Star"" 1947 short story in Collier's (John W. Cunningham)","Gary Cooper Thomas Mitchell (actor), Thomas Mitchell Lloyd Bridges Katy Jurado Grace Kelly Otto Kruger Lon Chaney Jr., Lon Chaney Harry Morgan, Henry Morgan",Dimitri Tiomkin,Floyd Crosby,Elmo Williams,Stanley Kramer Productions,1952-07-24,85 minutes,United States,English,"$730,000",$12 million,,,https://www.imdb.com/title/tt0044706/awards,,,,https://www.rottentomatoes.com/m/1046060-high_noon,Webarchive template wayback links | All accuracy disputes | Accuracy disputes from February 2020 | 1952 films | Articles needing additional references from January 2026 | Rotten Tomatoes ID same as Wikidata | Rotten Tomatoes template using name parameter | 1952 English-language films | 1952 American films | 1952 Western (genre) films | American black-and-white films | American Western (genre) films | Articles containing video clips | English-language Western (genre) films | Films about Quakers | Films about the United States Marshals Service | Films based on American short stories | Films directed by Fred Zinnemann | Films featuring a Best Actor Academy Award–winning performance | Films featuring a Best Drama Actor Golden Globe winning performance | Films featuring a Best Supporting Actress Golden Globe–winning performance | Films produced by Stanley Kramer | Films scored by Dimitri Tiomkin | Films set in 1898 | Films set in New Mexico | Films set in the American frontier | Films shot in California | Films that won the Best Original Score Academy Award | Films that won the Best Original Song Academy Award | Films whose editor won the Best Film Editing Academy Award | Films with screenplays by Carl Foreman | Hollywood blacklist | Revisionist Western (genre) films | United Artists films | United States National Film Registry films
1952,9,Son of Paleface,Paramount Pictures,3400000,"$3,400,000",https://en.wikipedia.org/wiki/Son_of_Paleface,https://en.wikipedia.org/wiki/List_of_1952_box_office_number-one_films_in_the_United_States,Highest-grossing films of 1952,ok,Son of Paleface,Son of Paleface.jpg,https://upload.wikimedia.org/wikipedia/en/thumb/c/cf/Son_of_Paleface.jpg/250px-Son_of_Paleface.jpg,https://upload.wikimedia.org/wikipedia/en/thumb/c/cf/Son_of_Paleface.jpg/250px-Son_of_Paleface.jpg,https://en.wikipedia.org/wiki/Son_of_Paleface,https://en.wikipedia.org/wiki/File:Son_of_Paleface.jpg,covers/1952_9_son_of_paleface.jpg,2026-05-12T03:39:16,ok,,2026-05-25T14:50:18,Son of Paleface,Son of Paleface,https://en.wikipedia.org/wiki/Son_of_Paleface,Frank Tashlin,,Frank Tashlin Joseph Quillan Robert L. Welch,The Paleface,Bob Hope Jane Russell Roy Rogers,Lyn Murray,Harry J. Wild,Eda Warren,Hope Enterprises,1952-07-14 (US),95 minutes,United States,English,,$3.4 million (US),,,https://www.imdb.com/title/tt0045177/,,,,,1952 films | American Western (genre) comedy films | American sequel films | 1952 English-language films | 1950s Western (genre) comedy films | Paramount Pictures films | Films directed by Frank Tashlin | Films scored by Lyn Murray | Films with screenplays by Frank Tashlin | 1952 comedy films | 1952 American films | English-language Western (genre) comedy films
1952,10,Singin' in the Rain,Loew's Inc.,3300000,"$3,300,000",https://en.wikipedia.org/wiki/Singin%27_in_the_Rain,https://en.wikipedia.org/wiki/List_of_1952_box_office_number-one_films_in_the_United_States,Highest-grossing films of 1952,ok,Singin' in the Rain,Singin' in the Rain (1952 poster).jpg,https://upload.wikimedia.org/wikipedia/commons/thumb/5/5d/Singin%27_in_the_Rain_%281952_poster%29.jpg/250px-Singin%27_in_the_Rain_%281952_poster%29.jpg,https://upload.wikimedia.org/wikipedia/commons/thumb/5/5d/Singin%27_in_the_Rain_%281952_poster%29.jpg/250px-Singin%27_in_the_Rain_%281952_poster%29.jpg,https://en.wikipedia.org/wiki/Singin%27_in_the_Rain,https://en.wikipedia.org/wiki/File:Singin%27_in_the_Rain_%281952_poster%29.jpg,covers/1952_10_singin_in_the_rain.jpg,2026-05-12T03:39:16,ok,,2026-05-25T14:50:18,Singin' in the Rain,Singin' in the Rain,https://en.wikipedia.org/wiki/Singin%27_in_the_Rain,Plain list Gene Kelly Stanley Donen endplainlist,Arthur Freed,"Betty Comden Adolph Green Infobox, decat=yes, child=yes, label1=Suggested by, data1=""Singin' in the Rain (song) (Singin' in the Rain"")",,Gene Kelly Donald O'Connor Debbie Reynolds Jean Hagen Millard Mitchell Cyd Charisse,Lennie Hayton (musical direction) 'Songs:' Arthur Freed (lyrics) Nacio Herb Brown (music),Harold Rosson,Adrienne Fazan,Metro-Goldwyn-Mayer,1952-03-27 (Radio City Music Hall); 1952-04-11 (United States),103 minutes,United States,English,$2.54 million,$7.2 million,,,https://www.imdb.com/title/tt0045152/awards,,,,http://www.rottentomatoes.com/m/singin_in_the_rain/,"1952 films | Rotten Tomatoes ID same as Wikidata | 1952 musical comedy films | 1952 romantic comedy films | American musical comedy films | American romantic comedy films | American romantic musical films | American satirical films | Films about filmmaking | Films about Hollywood, Los Angeles | Films about actors | Films set in 1927 | Films set in the 1920s | Films set in Los Angeles | Films directed by Stanley Donen | Films directed by Gene Kelly | Films scored by Lennie Hayton | Films with screenplays by Betty Comden and Adolph Green | Films featuring a Best Musical or Comedy Actor Golden Globe winning performance | Metro-Goldwyn-Mayer films | United States National Film Registry films | Backstage musicals | Jukebox musical films | Films produced by Arthur Freed | Films adapted into comics | Films adapted into plays | Articles containing video clips | 1952 English-language films | 1952 American films | 1950s satirical films | English-language romantic comedy films | English-language musical comedy films"
1953,1,The Robe,20th Century Fox,2030000000,"$20–30,000,000",https://en.wikipedia.org/wiki/The_Robe_(film),https://en.wikipedia.org/wiki/List_of_1953_box_office_number-one_films_in_the_United_States,Highest-grossing films of 1953,ok,The Robe (film),The Robe (1953 movie poster).jpg,https://upload.wikimedia.org/wikipedia/en/thumb/d/d3/The_Robe_%281953_movie_poster%29.jpg/250px-The_Robe_%281953_movie_poster%29.jpg,https://upload.wikimedia.org/wikipedia/en/thumb/d/d3/The_Robe_%281953_movie_poster%29.jpg/250px-The_Robe_%281953_movie_poster%29.jpg,https://en.wikipedia.org/wiki/The_Robe_%28film%29,https://en.wikipedia.org/wiki/File:The_Robe_%281953_movie_poster%29.jpg,covers/1953_1_the_robe.jpg,2026-05-12T03:39:37,ok,,2026-05-25T14:50:18,The Robe (film),The Robe (film),https://en.wikipedia.org/wiki/The_Robe_(film),Henry Koster,Frank Ross,"Gina Kaus (adaptation), Albert Maltz, Philip Dunne (writer), Philip Dunne",The Robe (Lloyd C. Douglas),Richard Burton Jean Simmons Victor Mature Michael Rennie Jay Robinson Dean Jagger Torin Thatcher Richard Boone Betta St. John Jeff Morrow Ernest Thesiger Dawn Addams Leon Askin,Alfred Newman,Leon Shamroy,Barbara McLean,,1953-09-16 (Premiere); 1953-09-17 (New York City opening),135 minutes,United States,English,$4.1 million – $4.6 million,$36 million (United States),,,https://www.imdb.com/title/tt0046247/alternateversions/,,,,https://www.rottentomatoes.com/m/robe,Webarchive template archiveis links | 1953 films | Rotten Tomatoes ID same as Wikidata | 20th Century Fox films | American religious epic films | Best Drama Picture Golden Globe winners | American CinemaScope films | Films about Christianity | Cultural depictions of Tiberius | Cultural depictions of Judas Iscariot | Cultural depictions of Pontius Pilate | Depictions of Caligula on film | Film portrayals of Jesus' death and resurrection | Films based on American novels | Films directed by Henry Koster | Films scored by Alfred Newman | Films set in Rome | Films that won the Best Costume Design Academy Award | Films whose production designer won the Best Production Design Academy Award | Films with screenplays by Philip Dunne | 1953 English-language films | 1953 American films | Cultural depictions of Saint Peter | Films set in 1st-century Roman Empire
1953,2,From Here to Eternity,Columbia Pictures,12500000,"$12,500,000",https://en.wikipedia.org/wiki/From_Here_to_Eternity,https://en.wikipedia.org/wiki/List_of_1953_box_office_number-one_films_in_the_United_States,Highest-grossing films of 1953,ok,From Here to Eternity,From Here to Eternity (1953 poster).jpg,https://upload.wikimedia.org/wikipedia/commons/thumb/5/53/From_Here_to_Eternity_%281953_poster%29.jpg/250px-From_Here_to_Eternity_%281953_poster%29.jpg,https://upload.wikimedia.org/wikipedia/commons/thumb/5/53/From_Here_to_Eternity_%281953_poster%29.jpg/250px-From_Here_to_Eternity_%281953_poster%29.jpg,https://en.wikipedia.org/wiki/From_Here_to_Eternity,https://en.wikipedia.org/wiki/File:From_Here_to_Eternity_%281953_poster%29.jpg,covers/1953_2_from_here_to_eternity.jpg,2026-05-12T03:39:37,ok,,2026-05-25T14:50:18,From Here to Eternity,From Here to Eternity,https://en.wikipedia.org/wiki/From_Here_to_Eternity,Fred Zinnemann,Buddy Adler,Daniel Taradash,"From Here to Eternity (novel) (From Here to Eternity, James Jones (author), James Jones)","Burt Lancaster, Montgomery Clift, Deborah Kerr, Donna Reed, Frank Sinatra","George Duning, Morris Stoloff",Burnett Guffey,William A. Lyon,Columbia Pictures,1953-08-05,118 minutes,United States,English,$1.7–2.5 million,$30.5 million,,,https://www.imdb.com/title/tt0045793/,,,,https://www.rottentomatoes.com/m/1007931-from_here_to_eternity,1953 films | Wikipedia articles needing page number citations from December 2015 | 1953 romantic drama films | 1953 war films | 1953 American films | 1953 English-language films | 1950s war drama films | 1950s war romance films | American black-and-white films | American romantic drama films | American war drama films | American war romance films | American World War II films | Articles containing video clips | Best Picture Academy Award winners | Columbia Pictures films | English-language romantic drama films | English-language war drama films | English-language war romance films | Films about adultery in the United States | Films about American military personnel | Films about the United States Army | Films based on American novels | Films based on military novels | Films directed by Fred Zinnemann | Films featuring a Best Supporting Actor Academy Award–winning performance | Films featuring a Best Supporting Actor Golden Globe winning performance | Films featuring a Best Supporting Actress Academy Award–winning performance | Films scored by George Duning | Films scored by Morris Stoloff | Films shot in Honolulu | Films that won the Best Sound Mixing Academy Award | Films whose cinematographer won the Best Cinematography Academy Award | Films whose director won the Best Directing Academy Award | Films whose director won the Best Director Golden Globe | Films whose editor won the Best Film Editing Academy Award | Films whose writer won the Best Adapted Screenplay Academy Award | Films about the attack on Pearl Harbor | United States National Film Registry films
1953,3,Shane,Paramount Pictures,8000000,"$8,000,000",https://en.wikipedia.org/wiki/Shane_(film),https://en.wikipedia.org/wiki/List_of_1953_box_office_number-one_films_in_the_United_States,Highest-grossing films of 1953,ok,Shane (film),Shane (1953 poster).jpg,https://upload.wikimedia.org/wikipedia/commons/thumb/9/9c/Shane_%281953_poster%29.jpg/250px-Shane_%281953_poster%29.jpg,https://upload.wikimedia.org/wikipedia/commons/thumb/9/9c/Shane_%281953_poster%29.jpg/250px-Shane_%281953_poster%29.jpg,https://en.wikipedia.org/wiki/Shane_%28film%29,https://en.wikipedia.org/wiki/File:Shane_%281953_poster%29.jpg,covers/1953_3_shane.jpg,2026-05-12T03:39:37,ok,,2026-05-25T14:50:18,Shane (film),Shane (film),https://en.wikipedia.org/wiki/Shane_(film),George Stevens,George Stevens,"A. B. Guthrie Jr. , label1= Additional dialogue by , data1 = Jack Sher","Shane (novel) (Shane (1949 novel), Jack Schaefer)",Alan Ladd Jean Arthur Van Heflin Brandon deWilde Jack Palance,Victor Young,Loyal Griggs,William Hornbeck Tom McAdoo,,1953-04-23,118 minutes,United States,English,$1.5 million,$9 million (U.S. and Canada rentals),,,https://www.imdb.com/title/tt0046303/,,,,https://www.rottentomatoes.com/m/shane,Webarchive template wayback links | Rotten Tomatoes ID same as Wikidata | 1953 films | Articles containing Japanese-language text | Rotten Tomatoes template using name parameter | 1953 Western (genre) films | American Western (genre) films | English-language Western (genre) films | Revisionist Western (genre) films | Films set in the American frontier | Films based on American Western (genre) novels | Films set in Wyoming | Films shot in Wyoming | Films set in the 1890s | Range wars and feuds of the American Old West | Films directed by George Stevens | Films scored by Victor Young | Films whose cinematographer won the Best Cinematography Academy Award | Films with screenplays by Jack Sher | Films adapted into television shows | Paramount Pictures films | United States National Film Registry films | 1953 English-language films | 1953 American films | Homesteading in popular culture
1953,4,How to Marry a Millionaire,20th Century-Fox,7500000,"$7,500,000",https://en.wikipedia.org/wiki/How_to_Marry_a_Millionaire,https://en.wikipedia.org/wiki/List_of_1953_box_office_number-one_films_in_the_United_States,Highest-grossing films of 1953,ok,How to Marry a Millionaire,How to marry a millionaire 1953 poster.jpg,https://upload.wikimedia.org/wikipedia/commons/thumb/e/ef/How_to_marry_a_millionaire_1953_poster.jpg/250px-How_to_marry_a_millionaire_1953_poster.jpg,https://upload.wikimedia.org/wikipedia/commons/thumb/e/ef/How_to_marry_a_millionaire_1953_poster.jpg/250px-How_to_marry_a_millionaire_1953_poster.jpg,https://en.wikipedia.org/wiki/How_to_Marry_a_Millionaire,https://en.wikipedia.org/wiki/File:How_to_marry_a_millionaire_1953_poster.jpg,covers/1953_4_how_to_marry_a_millionaire.jpg,2026-05-12T03:39:37,ok,,2026-05-25T14:50:18,How to Marry a Millionaire,How to Marry a Millionaire,https://en.wikipedia.org/wiki/How_to_Marry_a_Millionaire,Jean Negulesco,Nunnally Johnson,Nunnally Johnson,The Greeks Had a Word for It (Zoe Akins) Loco (Dale Eunson Katherine Albert),"Marilyn Monroe Betty Grable Lauren Bacall William Powell David Wayne Rory Calhoun Cameron Mitchell (actor), Cameron Mitchell Alexander D'Arcy, Alex D'Arcy Fred Clark","Cyril J. Mockridge (composer) Alfred Newman (composer), Alfred Newman (direction)",Joseph MacDonald,Louis R. Loeffler,20th Century-Fox,1953-11-05 (United States),95 minutes,United States,English,$1.9 million,$8 million,,,https://www.imdb.com/title/tt0045891/,,,,https://www.rottentomatoes.com/m/how_to_marry_a_millionaire,1953 films | 1953 American films | 1953 romantic comedy films | 1950s buddy comedy films | 1953 English-language films | 1950s female buddy films | 20th Century Fox films | American buddy comedy films | American CinemaScope films | American female buddy films | American films based on plays | American romantic comedy films | English-language buddy comedy films | English-language romantic comedy films | Films about weddings in the United States | Films adapted into television shows | Films based on multiple works | Films directed by Jean Negulesco | Films produced by Nunnally Johnson | Films scored by Cyril J. Mockridge | Films scored by Alfred Newman | Films set in Maine | Films set in New York City | Films shot in Idaho | Films shot in Los Angeles | Films shot in New York City | Films with screenplays by Nunnally Johnson
1953,5,Peter Pan,RKO Radio Pictures,7000000,"$7,000,000",https://en.wikipedia.org/wiki/Peter_Pan_(1953_film),https://en.wikipedia.org/wiki/List_of_1953_box_office_number-one_films_in_the_United_States,Highest-grossing films of 1953,ok,Peter Pan (1953 film),Peter Pan (1953 poster).jpg,https://upload.wikimedia.org/wikipedia/commons/thumb/d/dc/Peter_Pan_%281953_poster%29.jpg/250px-Peter_Pan_%281953_poster%29.jpg,https://upload.wikimedia.org/wikipedia/commons/thumb/d/dc/Peter_Pan_%281953_poster%29.jpg/250px-Peter_Pan_%281953_poster%29.jpg,https://en.wikipedia.org/wiki/Peter_Pan_%281953_film%29,https://en.wikipedia.org/wiki/File:Peter_Pan_%281953_poster%29.jpg,covers/1953_5_peter_pan.jpg,2026-05-12T03:39:37,ok,,2026-05-25T14:50:18,Peter Pan (1953 film),Peter Pan (1953 film),https://en.wikipedia.org/wiki/Peter_Pan_(1953_film),Hamilton Luske Clyde Geronimi Wilfred Jackson,Walt Disney,Ted Sears Erdman Penner Bill Peet Winston Hibler Joe Rinaldi Milt Banta Ralph Wright Bill Cottrell,"Peter Pan (play and novel) (Peter Pan, J. M. Barrie)","Bobby Driscoll Kathryn Beaumont Hans Conried Bill Thompson (voice actor), Bill Thompson Heather Angel (actress), Heather Angel Paul Collins (actor), Paul Collins Tommy Luske Candy Candido Tom Conway Roland Dupree Don Barclay (actor), Don Barclay",Oliver Wallace,,Donald Halliday,Walt Disney Productions,1953-02-05,77 minutes,United States,English,$4 million,$87.4 million (United States and Canada),,,https://www.imdb.com/title/tt0046183/trivia,,,,https://www.rottentomatoes.com/m/peter_pan_1953,Rotten Tomatoes ID same as Wikidata | Rotten Tomatoes template using name parameter | Webarchive template wayback links | Wikipedia indefinitely semi-protected pages | 1953 films | Album articles lacking alt text for covers | Vague or ambiguous time from August 2023 | 1950s children's adventure films | 1950s children's fantasy films | 1950s fantasy adventure films | 1953 American animated films | 1953 children's films | 1953 English-language films | 1953 fantasy films | American animated feature films | American children's animated adventure films | American children's animated fantasy films | American fantasy adventure films | American films based on plays | Animated film controversies | Animated films about crocodilians | Animated films about fairies | Animated films about mermaids | Animated films about Native Americans | Animated films based on British novels | Animated films based on children's books | Animated films based on multiple works | Animated films based on plays | Animated films set in London | Animated films set in the 1900s | Articles containing video clips | Disney controversies | English-language fantasy adventure films | Films about child abduction | Films adapted into television shows | Films based on fantasy novels | Films based on Peter Pan | Films directed by Clyde Geronimi | Films directed by Hamilton Luske | Films directed by Wilfred Jackson | Films produced by Walt Disney | Films scored by Oliver Wallace | Films with screenplays by Bill Peet | Films with screenplays by Erdman Penner | Films with screenplays by Joe Rinaldi | Films with screenplays by Milt Banta | Films with screenplays by Ralph Wright | Films with screenplays by Ted Sears | Films with screenplays by William Cottrell | Films with screenplays by Winston Hibler | Native American-related controversies in film | Peter Pan (franchise) | Race-related controversies in animation | Rotoscoped films | Walt Disney Animation Studios films
1953,6,Hans Christian Andersen,RKO Radio Pictures,6000000,"$6,000,000",https://en.wikipedia.org/wiki/Hans_Christian_Andersen_(film),https://en.wikipedia.org/wiki/List_of_1953_box_office_number-one_films_in_the_United_States,Highest-grossing films of 1953,ok,Hans Christian Andersen (film),Hans Christian Andersen FilmPoster.jpeg,https://upload.wikimedia.org/wikipedia/en/thumb/b/b5/Hans_Christian_Andersen_FilmPoster.jpeg/250px-Hans_Christian_Andersen_FilmPoster.jpeg,https://upload.wikimedia.org/wikipedia/en/thumb/b/b5/Hans_Christian_Andersen_FilmPoster.jpeg/250px-Hans_Christian_Andersen_FilmPoster.jpeg,https://en.wikipedia.org/wiki/Hans_Christian_Andersen_%28film%29,https://en.wikipedia.org/wiki/File:Hans_Christian_Andersen_FilmPoster.jpeg,covers/1953_6_hans_christian_andersen.jpg,2026-05-12T03:39:37,ok,,2026-05-25T14:59:12,Hans Christian Andersen (film),Hans Christian Andersen (film),https://en.wikipedia.org/wiki/Hans_Christian_Andersen_(film),Charles Vidor,Samuel Goldwyn,Moss Hart,,Danny Kaye Farley Granger Zizi Jeanmaire,Walter Scharf Frank Loesser,Harry Stradling,Daniel Mandell,Samuel Goldwyn Productions,1952-11-25 (New York) (ref1=),112 minutes,United States,English,$4 million,$6 million (U.S. rentals),,,https://www.imdb.com/title/tt0044685/,,,,http://www.rottentomatoes.com/m/hans_christian_andersen,1952 films | 1952 children's films | 1952 musical films | 1952 American films | 1952 English-language films | 1950s historical musical films | American historical musical films | Biographical films about writers | Cultural depictions of Hans Christian Andersen | Films based on fairy tales | Films directed by Charles Vidor | Films scored by Walter Scharf | Films set in Copenhagen | Films set in the 19th century | Musicals by Frank Loesser | Samuel Goldwyn Productions films | English-language musical films | English-language historical films | Films based on works by Hans Christian Andersen
1953,7,House of Wax,Warner Bros. Pictures,5500000,"$5,500,000",https://en.wikipedia.org/wiki/House_of_Wax_(1953_film),https://en.wikipedia.org/wiki/List_of_1953_box_office_number-one_films_in_the_United_States,Highest-grossing films of 1953,ok,House of Wax (1953 film),House of Wax (1953 film poster).jpg,https://upload.wikimedia.org/wikipedia/commons/thumb/1/13/House_of_Wax_%281953_film_poster%29.jpg/250px-House_of_Wax_%281953_film_poster%29.jpg,https://upload.wikimedia.org/wikipedia/commons/thumb/1/13/House_of_Wax_%281953_film_poster%29.jpg/250px-House_of_Wax_%281953_film_poster%29.jpg,https://en.wikipedia.org/wiki/House_of_Wax_%281953_film%29,https://en.wikipedia.org/wiki/File:House_of_Wax_%281953_film_poster%29.jpg,covers/1953_7_house_of_wax.jpg,2026-05-12T03:39:37,ok,,2026-05-25T14:59:13,House of Wax (1953 film),House of Wax (1953 film),https://en.wikipedia.org/wiki/House_of_Wax_(1953_film),Andre de Toth,Bryan Foy,Crane Wilbur,"""The Wax Works"" (Charles S. Belden, Charles Belden)",Vincent Price Frank Lovejoy Phyllis Kirk Carolyn Jones Paul Picerni,David Buttolph,Bert Glennon Peverell Marley,Rudi Fehr,,"Film date, 1953, 04, 10, New York, ref1=, 1953, 04, 25, US",88 minutes,United States,English,$1 million,$23.75 million,,,https://www.imdb.com/title/tt0045888/,93%,46,,https://www.rottentomatoes.com/m/1010030_house_of_wax?,Webarchive template wayback links | 1953 films | Articles needing additional references from November 2016 | 1953 3D films | 1953 horror films | 1950s serial killer films | 1950s mystery horror films | American 3D films | Remakes of American films | Films directed by Andre de Toth | Films scored by David Buttolph | Films set in New York City | Films set in wax museums | Films set in the 1900s | Horror film remakes | Films about mannequins | United States National Film Registry films | Warner Bros. films | 1953 English-language films | Films about sculptors | English-language crime films | English-language mystery horror films
1953,8,Mogambo,"Loew's, Inc.",5200000,"$5,200,000",https://en.wikipedia.org/wiki/Mogambo,https://en.wikipedia.org/wiki/List_of_1953_box_office_number-one_films_in_the_United_States,Highest-grossing films of 1953,ok,Mogambo,Mogambo.jpg,https://upload.wikimedia.org/wikipedia/en/5/59/Mogambo.jpg,https://upload.wikimedia.org/wikipedia/en/5/59/Mogambo.jpg,https://en.wikipedia.org/wiki/Mogambo,https://en.wikipedia.org/wiki/File:Mogambo.jpg,covers/1953_8_mogambo.jpg,2026-05-12T03:39:37,ok,,2026-05-25T14:59:15,Mogambo,Mogambo,https://en.wikipedia.org/wiki/Mogambo,John Ford,Sam Zimbalist,John Lee Mahin,"Red Dust 1928 play (Wilson Collison) Red Dust (1932 film) (Red Dust 1932 film, Victor Fleming)",Clark Gable Ava Gardner Grace Kelly,Robert Burns,Robert Surtees Freddie Young,Frank Clarke,Metro-Goldwyn-Mayer,1953-10-09,115 minutes,United States United Kingdom,English,$3.1 million,$8.3 million,,,https://www.imdb.com/title/tt0046085/,,,,http://www.rottentomatoes.com/m/mogambo/,1953 films | 1950s adventure drama films | 1953 romantic drama films | American adventure drama films | American romantic drama films | American films based on plays | Films directed by John Ford | Films featuring a Best Supporting Actress Golden Globe–winning performance | Films about hunting | Remakes of American films | Films set in Africa | Films shot at MGM-British Studios | Films shot in Kenya | Films shot in Uganda | Metro-Goldwyn-Mayer films | 1953 English-language films | 1953 American films | English-language romantic drama films | English-language adventure drama films
1953,9,Gentlemen Prefer Blondes,20th Century-Fox,5100000,"$5,100,000",https://en.wikipedia.org/wiki/Gentlemen_Prefer_Blondes_(1953_film),https://en.wikipedia.org/wiki/List_of_1953_box_office_number-one_films_in_the_United_States,Highest-grossing films of 1953,ok,Gentlemen Prefer Blondes (1953 film),Gentlemen Prefer Blondes (1953) film poster.jpg,https://upload.wikimedia.org/wikipedia/en/3/32/Gentlemen_Prefer_Blondes_%281953%29_film_poster.jpg,https://upload.wikimedia.org/wikipedia/en/3/32/Gentlemen_Prefer_Blondes_%281953%29_film_poster.jpg,https://en.wikipedia.org/wiki/Gentlemen_Prefer_Blondes_%281953_film%29,https://en.wikipedia.org/wiki/File:Gentlemen_Prefer_Blondes_%281953%29_film_poster.jpg,covers/1953_9_gentlemen_prefer_blondes.jpg,2026-05-12T03:39:37,ok,,2026-05-25T14:59:16,Gentlemen Prefer Blondes (1953 film),Gentlemen Prefer Blondes (1953 film),https://en.wikipedia.org/wiki/Gentlemen_Prefer_Blondes_(1953_film),Howard Hawks,Sol C. Siegel,Charles Lederer,Gentlemen Prefer Blondes by Anita Loos Joseph Fields,Jane Russell Marilyn Monroe,Eliot Daniel Lionel Newman 'Songs:' Jule Styne (music) Leo Robin (lyrics) Hoagy Carmichael (music) Harold Adamson (lyrics),Harry J. Wild,Hugh S. Fowler,,"film date, 1953, 7, 1, Atlantic City, ref1=, 1953, 07, 15, New York",91 minutes,United States,English French,$2.3 million or $2.7 million,$5.3 million,,,https://www.imdb.com/title/tt0045810/,88%,88,7.8/10,https://www.rottentomatoes.com/m/gentlemen_prefer_blondes/,1953 films | 1953 American films | 1953 musical comedy films | 1953 romantic comedy films | 1950s buddy comedy films | 1953 English-language films | 1950s female buddy films | 1950s feminist films | 1950s romantic musical films | 1950s satirical films | 1950s sex comedy films | 20th Century Fox films | American buddy comedy films | American female buddy films | American feminist comedy films | American musical comedy films | American romantic comedy films | American romantic musical films | American satirical films | American sex comedy films | English-language buddy comedy films | English-language musical comedy films | English-language romantic comedy films | English-language romantic musical films | English-language sex comedy films | Films based on American novels | Films based on musicals | Films based on romance novels | Films directed by Howard Hawks | Films produced by Sol C. Siegel | Films scored by Lionel Newman | Films set in Paris | Films set on ships | Films with screenplays by Charles Lederer | Films with songs by Harold Adamson
1953,10,Moulin Rouge,British Lion Films,5000000,"$5,000,000",https://en.wikipedia.org/wiki/Moulin_Rouge_(1952_film),https://en.wikipedia.org/wiki/List_of_1953_box_office_number-one_films_in_the_United_States,Highest-grossing films of 1953,ok,Moulin Rouge (1952 film),Moulin rougeposter1952.jpg,https://upload.wikimedia.org/wikipedia/en/thumb/4/46/Moulin_rougeposter1952.jpg/250px-Moulin_rougeposter1952.jpg,https://upload.wikimedia.org/wikipedia/en/thumb/4/46/Moulin_rougeposter1952.jpg/250px-Moulin_rougeposter1952.jpg,https://en.wikipedia.org/wiki/Moulin_Rouge_%281952_film%29,https://en.wikipedia.org/wiki/File:Moulin_rougeposter1952.jpg,covers/1953_10_moulin_rouge.jpg,2026-05-12T03:39:37,ok,,2026-05-25T14:59:17,Moulin Rouge (1952 film),Moulin Rouge (1952 film),https://en.wikipedia.org/wiki/Moulin_Rouge_(1952_film),John Huston,John and James Woolf,John Huston Anthony Veiller,Moulin Rouge 1950 novel (Pierre La Mure),José Ferrer Zsa Zsa Gabor Suzanne Flon Colette Marchand,Georges Auric William Engvick,Oswald Morris,Ralph Kemplen,Romulus Films,1952-12-23 (United States); 1953-03-13 (United Kingdom),119 minutes,United Kingdom,English,$1.1 million,$9 million,,,https://www.imdb.com/title/tt0044926/,,,,https://www.rottentomatoes.com/m/1014294-moulin_rouge,Use dmy dates from June 2016 | Use British English from June 2016 | All Wikipedia articles written in British English | 1952 films | 1952 romantic drama films | 1952 British films | 1952 English-language films | 1950s historical drama films | 1950s historical romance films | Biographical films about painters | British historical drama films | British historical romance films | British romantic drama films | Cultural depictions of Henri de Toulouse-Lautrec | Films based on French novels | Films directed by John Huston | Films scored by Georges Auric | Films shot at Shepperton Studios | Films set in the 1890s | Films set in the 1900s | Films set in the Moulin Rouge | Films shot in London | Films shot in Paris | Films that won the Best Costume Design Academy Award | Films whose production designer won the Best Production Design Academy Award | Films with screenplays by John Huston | English-language historical drama films | English-language romantic drama films | English-language historical romance films
1954,1,White Christmas,Paramount Pictures,12000000,"$12,000,000",https://en.wikipedia.org/wiki/White_Christmas_(film),https://en.wikipedia.org/wiki/List_of_1954_box_office_number-one_films_in_the_United_States,Highest-grossing films of 1954,ok,White Christmas (film),White Christmas film.jpg,https://upload.wikimedia.org/wikipedia/en/6/67/White_Christmas_film.jpg,https://upload.wikimedia.org/wikipedia/en/6/67/White_Christmas_film.jpg,https://en.wikipedia.org/wiki/White_Christmas_%28film%29,https://en.wikipedia.org/wiki/File:White_Christmas_film.jpg,covers/1954_1_white_christmas.jpg,2026-05-13T00:20:37,ok,,2026-05-25T14:59:19,White Christmas (film),White Christmas (film),https://en.wikipedia.org/wiki/White_Christmas_(film),Michael Curtiz,Robert Emmett Dolan,Norman Krasna Norman Panama Melvin Frank,,Bing Crosby Danny Kaye Rosemary Clooney Vera-Ellen Dean Jagger,Gus Levene Joseph J. Lilley Van Cleave,Loyal Griggs,Frank Bracht,Paramount Pictures,1954-10-14,120 minutes,United States,English,$2 million,$32.8 million,,,https://www.imdb.com/title/tt0047673/,,,,https://www.rottentomatoes.com/m/1023543-white_christmas,1954 films | 1954 musical comedy films | 1954 romantic comedy films | 1954 American films | 1950s Christmas comedy films | 1954 English-language films | 1950s romantic musical films | American Christmas comedy films | American musical comedy films | American romantic comedy films | American romantic musical films | Backstage musicals | Christmas musical films | Christmas romance films | English-language Christmas comedy films | English-language musical comedy films | English-language romantic comedy films | English-language romantic musical films | Films about landlords | Films about sisters | Films about the United States Army | Films about veterans | Films adapted into plays | Films directed by Michael Curtiz | Films scored by Irving Berlin | Films scored by Joseph J. Lilley | Films scored by Van Cleave | Films set in 1944 | Films set in 1954 | Films set in Florida | Films set in New York City | Films set in Vermont | Paramount Pictures films | United States National Film Registry films | VistaVision films | Films about the Western Front (World War II)
1954,2,The Caine Mutiny,Columbia Pictures,8700000,"$8,700,000",https://en.wikipedia.org/wiki/The_Caine_Mutiny_(1954_film),https://en.wikipedia.org/wiki/List_of_1954_box_office_number-one_films_in_the_United_States,Highest-grossing films of 1954,ok,The Caine Mutiny (1954 film),Mutiny 0.jpg,https://upload.wikimedia.org/wikipedia/en/thumb/5/55/Mutiny_0.jpg/250px-Mutiny_0.jpg,https://upload.wikimedia.org/wikipedia/en/thumb/5/55/Mutiny_0.jpg/250px-Mutiny_0.jpg,https://en.wikipedia.org/wiki/The_Caine_Mutiny_%281954_film%29,https://en.wikipedia.org/wiki/File:Mutiny_0.jpg,covers/1954_2_the_caine_mutiny.jpg,2026-05-13T00:20:37,ok,,2026-05-25T14:50:18,The Caine Mutiny (1954 film),The Caine Mutiny (1954 film),https://en.wikipedia.org/wiki/The_Caine_Mutiny_(1954_film),Edward Dmytryk,Stanley Kramer,Stanley Roberts Michael Blankfort,The Caine Mutiny (1951 novel) (Herman Wouk),"Humphrey Bogart José Ferrer Van Johnson Fred MacMurray Robert Francis (actor), Robert Francis May Wynn Tom Tully",Max Steiner,Franz Planer,"Henry Batista William Lyon (film editor), William A. Lyon",Stanley Kramer Productions,1954-06-24 (New York City),125 minutes,United States,English,$2 million,$21.8 million,,,https://www.imdb.com/title/tt0050500/fullcredits?ref_=tt_ql_1,,,,https://www.rottentomatoes.com/m/caine_mutiny,1954 films | Rotten Tomatoes ID same as Wikidata | Rotten Tomatoes template using name parameter | 1954 war films | 1954 drama films | American war films | American war drama films | American legal drama films | Columbia Pictures films | 1954 English-language films | Films about mutinies | Military courtroom films | Films about the United States Navy in World War II | American World War II films | Films scored by Max Steiner | Films based on American novels | Films based on military novels | Films directed by Edward Dmytryk | Films set in the 1940s | Films based on works by Herman Wouk | Films produced by Stanley Kramer | Pacific War films | Films set on ships | Films set in the Pacific Ocean | Films shot in California | Films shot in Hawaii | Courtroom films | 1954 American films | English-language war drama films
1954,3,The Glenn Miller Story,Universal-International,7000000,"$7,000,000",https://en.wikipedia.org/wiki/The_Glenn_Miller_Story,https://en.wikipedia.org/wiki/List_of_1954_box_office_number-one_films_in_the_United_States,Highest-grossing films of 1954,ok,The Glenn Miller Story,Glenn miller story.jpg,https://upload.wikimedia.org/wikipedia/en/thumb/8/86/Glenn_miller_story.jpg/250px-Glenn_miller_story.jpg,https://upload.wikimedia.org/wikipedia/en/thumb/8/86/Glenn_miller_story.jpg/250px-Glenn_miller_story.jpg,https://en.wikipedia.org/wiki/The_Glenn_Miller_Story,https://en.wikipedia.org/wiki/File:Glenn_miller_story.jpg,covers/1954_3_the_glenn_miller_story.jpg,2026-05-13T00:20:37,ok,,2026-05-25T14:50:18,The Glenn Miller Story,The Glenn Miller Story,https://en.wikipedia.org/wiki/The_Glenn_Miller_Story,Anthony Mann,Aaron Rosenberg,Valentine Davies Oscar Brodney,,James Stewart June Allyson Charles Drake George Tobias Henry Morgan Frances Langford Louis Armstrong Gene Krupa Ben Pollack The Modernaires,Glenn Miller Joseph Gershenson Henry Mancini,William H. Daniels,Russell F. Schoengarth,Universal-International,1954-02-10 (New York),116 minutes,United States,English,,$12 million (rentals),,,https://www.imdb.com/title/tt0047030/,,,,https://www.rottentomatoes.com/m/glenn_miller_story,1954 films | 1954 biographical films | 1954 musical films | American biographical films | Biographical films about musicians | 1954 English-language films | Films that won the Best Sound Mixing Academy Award | Films directed by Anthony Mann | Universal Pictures films | Jazz films | Films set in the 1920s | Films set in the 1930s | Films about the United States Army Air Forces | Films set in New York City | Films scored by Henry Mancini | Cultural depictions of jazz musicians | Cultural depictions of American people | 1954 American films | Glenn Miller | English-language musical films | English-language biographical films
1954,4,The Egyptian,20th Century-Fox,6000000,"$6,000,000",https://en.wikipedia.org/wiki/The_Egyptian_(film),https://en.wikipedia.org/wiki/List_of_1954_box_office_number-one_films_in_the_United_States,Highest-grossing films of 1954,ok,The Egyptian (film),Theegyptian.jpg,https://upload.wikimedia.org/wikipedia/en/thumb/c/c0/Theegyptian.jpg/250px-Theegyptian.jpg,https://upload.wikimedia.org/wikipedia/en/thumb/c/c0/Theegyptian.jpg/250px-Theegyptian.jpg,https://en.wikipedia.org/wiki/The_Egyptian_%28film%29,https://en.wikipedia.org/wiki/File:Theegyptian.jpg,covers/1954_4_the_egyptian.jpg,2026-05-13T00:20:37,ok,,2026-05-25T14:50:18,The Egyptian (film),The Egyptian (film),https://en.wikipedia.org/wiki/The_Egyptian_(film),Michael Curtiz,Darryl F. Zanuck,Philip Dunne Casey Robinson,The Egyptian (Mika Waltari),Jean Simmons Victor Mature Gene Tierney Michael Wilding Bella Darvi Peter Ustinov Edmund Purdom,Bernard Herrmann Alfred Newman,Leon Shamroy,Barbara McLean,20th Century-Fox,1954-08-24,140 minutes,United States,English,$3.9 million,$4.25 million (US rentals) $9.25 million (worldwide rentals),,,https://www.imdb.com/title/tt0046949/,,,,https://www.rottentomatoes.com/m/egyptian,1954 films | Rotten Tomatoes ID same as Wikidata | American epic films | Films directed by Michael Curtiz | Films scored by Alfred Newman | Films scored by Bernard Herrmann | Films about religion | 20th Century Fox films | 1954 English-language films | Films based on Finnish novels | Films based on works by Mika Waltari | Films set in the Eighteenth Dynasty of Egypt | Films set in the 14th century BC | American drama films | Cultural depictions of Akhenaten | Cultural depictions of Nefertiti | Films with screenplays by Philip Dunne | Films produced by Darryl F. Zanuck | American CinemaScope films | 1954 American films | English-language drama films
1954,5,Rear Window,Paramount Pictures,5300000,"$5,300,000",https://en.wikipedia.org/wiki/Rear_Window,https://en.wikipedia.org/wiki/List_of_1954_box_office_number-one_films_in_the_United_States,Highest-grossing films of 1954,ok,Rear Window,Rear Window film poster.jpg,https://upload.wikimedia.org/wikipedia/commons/thumb/3/38/Rear_Window_film_poster.jpg/250px-Rear_Window_film_poster.jpg,https://upload.wikimedia.org/wikipedia/commons/thumb/3/38/Rear_Window_film_poster.jpg/250px-Rear_Window_film_poster.jpg,https://en.wikipedia.org/wiki/Rear_Window,https://en.wikipedia.org/wiki/File:Rear_Window_film_poster.jpg,covers/1954_5_rear_window.jpg,2026-05-13T00:20:37,ok,,2026-05-25T14:50:18,Rear Window,Rear Window,https://en.wikipedia.org/wiki/Rear_Window,Alfred Hitchcock,Alfred Hitchcock,John Michael Hayes,"""It Had to Be Murder"" 1942 story in Dime Detective (Cornell Woolrich)",James Stewart Grace Kelly Wendell Corey Thelma Ritter Raymond Burr,Franz Waxman,Robert Burks,George Tomasini,Paramount Pictures,1954-08-04 (New York City); 1954-09-01 (United States),112 minutes,United States,English,$1 million,$37.9 million,,,https://www.imdb.com/title/tt0047396/,99%,134,9.30/10,https://www.rottentomatoes.com/m/1017289-rear_window,1954 films | Rotten Tomatoes ID same as Wikidata | Rotten Tomatoes template using name parameter | 1954 American films | 1954 English-language films | 1950s mystery thriller films | 1950s psychological thriller films | American mystery thriller films | American psychological thriller films | Edgar Award–winning works | English-language mystery thriller films | Films about disability in the United States | Films about murderers | Films about photographers | Films about security and surveillance | Films about socialites | Films about uxoricide | Films based on American short stories | Films based on works by Cornell Woolrich | Films directed by Alfred Hitchcock | Films produced by Alfred Hitchcock | Films scored by Franz Waxman | Films set in apartment buildings | Films set in Manhattan | Films subject to a lawsuit | Films with screenplays by John Michael Hayes | Paramount Pictures films | Social thriller films | United States National Film Registry films | Articles containing video clips
1954,6,The High and the Mighty,Warner Bros. Pictures,5200000,"$5,200,000",https://en.wikipedia.org/wiki/The_High_and_the_Mighty_(film),https://en.wikipedia.org/wiki/List_of_1954_box_office_number-one_films_in_the_United_States,Highest-grossing films of 1954,ok,The High and the Mighty (film),The High and the Mighty poster.jpg,https://upload.wikimedia.org/wikipedia/en/thumb/0/0d/The_High_and_the_Mighty_poster.jpg/250px-The_High_and_the_Mighty_poster.jpg,https://upload.wikimedia.org/wikipedia/en/thumb/0/0d/The_High_and_the_Mighty_poster.jpg/250px-The_High_and_the_Mighty_poster.jpg,https://en.wikipedia.org/wiki/The_High_and_the_Mighty_%28film%29,https://en.wikipedia.org/wiki/File:The_High_and_the_Mighty_poster.jpg,covers/1954_6_the_high_and_the_mighty.jpg,2026-05-13T00:20:37,ok,,2026-05-25T14:50:18,The High and the Mighty (film),The High and the Mighty (film),https://en.wikipedia.org/wiki/The_High_and_the_Mighty_(film),William A. Wellman,Robert Fellows John Wayne,Ernest K. Gann,"The High and the Mighty (novel) (The High and the Mighty 1953 novel, Ernest K. Gann)",John Wayne Claire Trevor Laraine Day Robert Stack Jan Sterling Phil Harris Robert Newton David Brian,Dimitri Tiomkin,Archie Stout,Ralph Dawson,Wayne-Fellows Productions,"1954-05-27 (Los Angeles, premiere); 1954-07-03 (USA)",147 minutes,United States,English,$1.47 million,$8.5 million,,,https://www.imdb.com/title/tt0047086/,,,,https://www.rottentomatoes.com/m/high_and_the_mighty/,Webarchive template wayback links | 1954 films | 1950s disaster films | 1954 drama films | American aviation films | American disaster films | American drama films | Batjac Productions films | 1954 English-language films | Films scored by Dimitri Tiomkin | Films that won the Best Original Score Academy Award | Films about aviation accidents or incidents | Films based on American novels | Films directed by William A. Wellman | Films featuring a Best Supporting Actress Golden Globe–winning performance | Films produced by John Wayne | Films set in Hawaii | Films set in San Francisco | Films set on airplanes | Warner Bros. films | American CinemaScope films | 1954 American films | English-language drama films
1954,7,Magnificent Obsession,Universal Pictures,5000000,"$5,000,000",https://en.wikipedia.org/wiki/Magnificent_Obsession_(1954_film),https://en.wikipedia.org/wiki/List_of_1954_box_office_number-one_films_in_the_United_States,Highest-grossing films of 1954,ok,Magnificent Obsession (1954 film),Magnificent obsession.jpeg,https://upload.wikimedia.org/wikipedia/en/b/b8/Magnificent_obsession.jpeg,https://upload.wikimedia.org/wikipedia/en/b/b8/Magnificent_obsession.jpeg,https://en.wikipedia.org/wiki/Magnificent_Obsession_%281954_film%29,https://en.wikipedia.org/wiki/File:Magnificent_obsession.jpeg,covers/1954_7_magnificent_obsession.jpg,2026-05-13T00:20:37,ok,,2026-05-25T14:50:18,Magnificent Obsession (1954 film),Magnificent Obsession (1954 film),https://en.wikipedia.org/wiki/Magnificent_Obsession_(1954_film),Douglas Sirk,Ross Hunter,Robert Blees,"Magnificent Obsession (1929 novel) (Lloyd C. Douglas Magnificent Obsession (1935 film), Magnificent Obsession (1935 screenplay) Sarah Y. Mason and Victor Heerman)",Jane Wyman Rock Hudson Barbara Rush Agnes Moorehead Otto Kruger Gregg Palmer,Frank Skinner,Russell Metty,Milton Carruth,Universal-International,1954-08-02,108 minutes,United States,English,,$5.2 million (US and Canada rentals),,,https://www.imdb.com/title/tt0047203/,88%,25,7.4/10,https://www.rottentomatoes.com/m/magnificent_obsession,1954 films | 1954 romantic drama films | 1954 American films | 1954 English-language films | 1950s melodrama films | American romantic drama films | Drama film remakes | English-language romantic drama films | Films based on American novels | Films directed by Douglas Sirk | Films produced by Ross Hunter | Films scored by Frank Skinner | Films shot in California | Remakes of American films | Romance film remakes | Universal Pictures films
1954,8,Three Coins in the Fountain,20th Century Fox,5000000,"$5,000,000",https://en.wikipedia.org/wiki/Three_Coins_in_the_Fountain_(film),https://en.wikipedia.org/wiki/List_of_1954_box_office_number-one_films_in_the_United_States,Highest-grossing films of 1954,ok,Three Coins in the Fountain (film),Three Coins in the Fountain (poster art).jpg,https://upload.wikimedia.org/wikipedia/en/b/b7/Three_Coins_in_the_Fountain_%28poster_art%29.jpg,https://upload.wikimedia.org/wikipedia/en/b/b7/Three_Coins_in_the_Fountain_%28poster_art%29.jpg,https://en.wikipedia.org/wiki/Three_Coins_in_the_Fountain_%28film%29,https://en.wikipedia.org/wiki/File:Three_Coins_in_the_Fountain_%28poster_art%29.jpg,covers/1954_8_three_coins_in_the_fountain.jpg,2026-05-13T00:20:37,ok,,2026-05-25T14:50:18,Three Coins in the Fountain (film),Three Coins in the Fountain (film),https://en.wikipedia.org/wiki/Three_Coins_in_the_Fountain_(film),Jean Negulesco,Sol C. Siegel,John Patrick,"Coins in the Fountain (novel) (Coins in the Fountain, John H. Secondari)",Clifton Webb Dorothy McGuire Jean Peters Louis Jourdan Maggie McNamara Rossano Brazzi Howard St. John Kathryn Givney Cathleen Nesbitt,Victor Young,Milton Krasner,William Reynolds,20th Century Fox,1954-05-20,102 minutes,United States,English,$1.7 million,$5 million (US and Canada rentals)),,,https://www.imdb.com/title/tt0047580/,60%,10,5.9/10,https://www.rottentomatoes.com/m/three_coins_in_the_fountain,1954 films | 1954 comedy-drama films | 1954 romantic comedy films | 1954 romantic drama films | 1954 American films | 1954 English-language films | 1950s female buddy films | 1950s romantic comedy-drama films | 20th Century Fox films | American buddy comedy-drama films | American CinemaScope films | American female buddy films | American romantic comedy-drama films | English-language buddy comedy-drama films | English-language romantic comedy-drama films | Films based on American novels | Films directed by Jean Negulesco | Films produced by Sol C. Siegel | Films scored by Victor Young | Films set in Rome | Films shot in Rome | Films that won the Best Original Song Academy Award | Films whose cinematographer won the Best Cinematography Academy Award | Three girls movie
1954,9,Seven Brides for Seven Brothers,"Loew's, Inc.",4750000,"$4,750,000",https://en.wikipedia.org/wiki/Seven_Brides_for_Seven_Brothers,https://en.wikipedia.org/wiki/List_of_1954_box_office_number-one_films_in_the_United_States,Highest-grossing films of 1954,ok,Seven Brides for Seven Brothers,Seven Brides for Seven Brothers (1954 poster).jpg,https://upload.wikimedia.org/wikipedia/commons/thumb/7/77/Seven_Brides_for_Seven_Brothers_%281954_poster%29.jpg/250px-Seven_Brides_for_Seven_Brothers_%281954_poster%29.jpg,https://upload.wikimedia.org/wikipedia/commons/thumb/7/77/Seven_Brides_for_Seven_Brothers_%281954_poster%29.jpg/250px-Seven_Brides_for_Seven_Brothers_%281954_poster%29.jpg,https://en.wikipedia.org/wiki/Seven_Brides_for_Seven_Brothers,https://en.wikipedia.org/wiki/File:Seven_Brides_for_Seven_Brothers_%281954_poster%29.jpg,covers/1954_9_seven_brides_for_seven_brothers.jpg,2026-05-13T00:20:37,ok,,2026-05-25T14:50:18,Seven Brides for Seven Brothers,Seven Brides for Seven Brothers,https://en.wikipedia.org/wiki/Seven_Brides_for_Seven_Brothers,Stanley Donen,Jack Cummings,Albert Hackett Frances Goodrich Dorothy Kingsley,"""The Sobbin' Women"" 1938 story in Argosy (magazine) (Argosy, Stephen Vincent Benét)","Jane Powell Howard Keel Jeff Richards (actor, born 1924), Jeff Richards Russ Tamblyn Tommy Rall",Gene de Paul Johnny Mercer (lyrics) Adolph Deutsch (musical direction) Saul Chaplin (musical supervision),George Folsey,Ralph E. Winters,Metro-Goldwyn-Mayer,"Film date, 1954, 07, 15, Houston, Texas, ref1=, 1954, 07, 22, New York, 1954, 12, 20, United States",102 minutes,United States,English,"$2,540,000","$9,403,000",,,http://www.imdb.com/title/tt0047472/technical,,,,https://www.rottentomatoes.com/m/seven_brides_for_seven_brothers,IMDb title ID different from Wikidata | 1954 films | Rotten Tomatoes ID same as Wikidata | 1954 English-language films | 1954 musical comedy films | 1954 romantic comedy films | American CinemaScope films | Films about weddings in the United States | Films about brothers | Films adapted into plays | Films adapted into television shows | Films based on American short stories | Films directed by Stanley Donen | Films scored by Saul Chaplin | Films scored by Adolph Deutsch | Films set in Oregon | Films set in 1850 | American musical comedy films | Metro-Goldwyn-Mayer films | United States National Film Registry films | Films that won the Best Original Score Academy Award | 1954 American films | Adaptations of works by Stephen Vincent Benét | Films based on adaptations | English-language romantic comedy films | English-language musical comedy films
1954,10,Désirée,20th Century Fox,4500000,"$4,500,000",https://en.wikipedia.org/wiki/D%C3%A9sir%C3%A9e_(film),https://en.wikipedia.org/wiki/List_of_1954_box_office_number-one_films_in_the_United_States,Highest-grossing films of 1954,ok,Désirée (film),Desiree (1954 movie poster).jpg,https://upload.wikimedia.org/wikipedia/en/thumb/4/48/Desiree_%281954_movie_poster%29.jpg/250px-Desiree_%281954_movie_poster%29.jpg,https://upload.wikimedia.org/wikipedia/en/thumb/4/48/Desiree_%281954_movie_poster%29.jpg/250px-Desiree_%281954_movie_poster%29.jpg,https://en.wikipedia.org/wiki/D%C3%A9sir%C3%A9e_%28film%29,https://en.wikipedia.org/wiki/File:Desiree_%281954_movie_poster%29.jpg,covers/1954_10_d_sir_e.jpg,2026-05-13T00:20:37,ok,,2026-05-25T14:50:18,Désirée (film),Désirée (film),https://en.wikipedia.org/wiki/D%C3%A9sir%C3%A9e_(film),Henry Koster,Julian Blaustein,Daniel Taradash,Désirée 1951 novel (Annemarie Selinko),Marlon Brando Jean Simmons Merle Oberon Michael Rennie Cameron Mitchell,Alex North,Milton R. Krasner,William H. Reynolds,20th Century Fox,"Film date, 1954, 11, 16, San Francisco, ref1=",110 minutes,United States,English Swedish,"$2,720,000","$9,000,000",,,https://www.imdb.com/title/tt0046903/,,,,https://www.rottentomatoes.com/m/desiree,"1954 films | Rotten Tomatoes ID same as Wikidata | 1950s biographical drama films | 1950s historical drama films | Films set in 1794 | Films set in 1797 | Films set in 1799 | Films set in 1812 | Films set in 1814 | American biographical drama films | American historical drama films | American historical romance films | French Revolutionary Wars films | Napoleonic Wars films | Films about Napoleon | Biographical films about French royalty | Biographical films about Swedish royalty | 20th Century Fox films | 1954 English-language films | Films scored by Alex North | Films directed by Henry Koster | Films based on Austrian novels | 1954 drama films | American CinemaScope films | 1954 American films | 1950s historical romance films | English-language historical drama films | English-language biographical drama films | English-language historical romance films | Cultural depictions of Marie Louise, Duchess of Parma | Cultural depictions of Napoleon II | Cultural depictions of Joseph Bonaparte | Cultural depictions of Pope Pius VII | Cultural depictions of Joséphine de Beauharnais | Cultural depictions of Charles Maurice de Talleyrand-Périgord | Cultural depictions of Charles XIV John"
1955,1,Cinerama Holiday,Cinerama Releasing Corporation,10000000,"$10,000,000",https://en.wikipedia.org/wiki/Cinerama_Holiday,https://en.wikipedia.org/wiki/List_of_1955_box_office_number-one_films_in_the_United_States,Highest-grossing films of 1955,manual_import,Cinerama Holiday,,,,https://en.wikipedia.org/wiki/Cinerama_Holiday,,covers/1955_1_cinerama_holiday.jpg,2026-05-21T13:35:11,ok,,2026-05-25T14:50:18,Cinerama Holiday,Cinerama Holiday,https://en.wikipedia.org/wiki/Cinerama_Holiday,Robert L. Bendick Philippe De Lacy,,,,Fred Troller Beatrice Troller John Marsh Betty Marsh,Morton Gould with additional music by Jack Shaindlin and Nathan Van Cleave,Joseph C. Brun Harry Squire,Jack McCay Fredrick Y. Smith Les Zackling,,1955-02-08,119 minutes,United States,English,$1.5 million,$29.6 million,,,https://www.imdb.com/title/tt0047939/,,,,,"1955 films | 1955 documentary films | Cinerama | Films set in Paris | Films set in Switzerland | Films set in the Alps | Films set in the United States | Films set in the Las Vegas Valley | Films set in New Orleans | Films set in New York City | Films set in San Francisco | Films set in Washington, D.C. | 1955 English-language films | American documentary films | Films scored by Morton Gould | English-language documentary films"
1955,2,Mister Roberts,Warner Bros. Pictures,8500000,"$8,500,000",https://en.wikipedia.org/wiki/Mister_Roberts_(1955_film),https://en.wikipedia.org/wiki/List_of_1955_box_office_number-one_films_in_the_United_States,Highest-grossing films of 1955,ok,Mister Roberts (1955 film),Mister Roberts (1955 movie poster).jpg,https://upload.wikimedia.org/wikipedia/commons/thumb/e/e8/Mister_Roberts_%281955_movie_poster%29.jpg/250px-Mister_Roberts_%281955_movie_poster%29.jpg,https://upload.wikimedia.org/wikipedia/commons/thumb/e/e8/Mister_Roberts_%281955_movie_poster%29.jpg/250px-Mister_Roberts_%281955_movie_poster%29.jpg,https://en.wikipedia.org/wiki/Mister_Roberts_%281955_film%29,https://en.wikipedia.org/wiki/File:Mister_Roberts_%281955_movie_poster%29.jpg,covers/1955_2_mister_roberts.jpg,2026-05-21T13:26:48,ok,,2026-05-25T15:01:07,Mister Roberts (1955 film),Mister Roberts (1955 film),https://en.wikipedia.org/wiki/Mister_Roberts_(1955_film),John Ford Mervyn LeRoy Joshua Logan (uncredited),Leland Hayward,Frank S. Nugent Joshua Logan,Mister Roberts (1946 novel) by Thomas Heggen; Mister Roberts (1948 play) by Thomas Heggen Joshua Logan,Henry Fonda James Cagney William Powell Jack Lemmon,Franz Waxman,Winton C. Hoch,Jack Murray,,1955-07-30,"120, 123, or 120-121, 123 or 126 minutes",United States,English,$2.3 million,$21.2 million,,,https://www.imdb.com/title/tt0048380/,,,,https://www.rottentomatoes.com/m/1014061-mister_roberts,1955 films | Rotten Tomatoes ID same as Wikidata | 1955 comedy-drama films | American comedy-drama films | American films based on plays | Films scored by Franz Waxman | Films adapted into television shows | Films based on adaptations | Films based on American novels | Films about the United States Navy in World War II | Films directed by John Ford | Films directed by Mervyn LeRoy | Films featuring a Best Supporting Actor Academy Award–winning performance | Films set in the 1940s | Military comedy films | Pacific War films | Warner Bros. films | American World War II films | American CinemaScope films | 1955 English-language films | 1955 American films | English-language comedy-drama films
1955,3,Battle Cry,Warner Bros.,8000000,"$8,000,000",https://en.wikipedia.org/wiki/Battle_Cry_(film),https://en.wikipedia.org/wiki/List_of_1955_box_office_number-one_films_in_the_United_States,Highest-grossing films of 1955,ok,Battle Cry (film),Battle Cry DVD cover.jpeg,https://upload.wikimedia.org/wikipedia/en/5/5c/Battle_Cry_DVD_cover.jpeg,https://upload.wikimedia.org/wikipedia/en/5/5c/Battle_Cry_DVD_cover.jpeg,https://en.wikipedia.org/wiki/Battle_Cry_%28film%29,https://en.wikipedia.org/wiki/File:Battle_Cry_DVD_cover.jpeg,covers/1955_3_battle_cry.jpg,2026-05-21T13:26:48,ok,,2026-05-25T15:01:07,Battle Cry (film),Battle Cry (film),https://en.wikipedia.org/wiki/Battle_Cry_(film),Raoul Walsh,Jack L. Warner Raoul Walsh,Leon Uris,"Battle Cry (Uris novel) (Battle Cry, Leon Uris)","Van Heflin, Aldo Ray, Mona Freeman, Nancy Olson, James Whitmore, Raymond Massey, Tab Hunter, Dorothy Malone, Anne Francis",Max Steiner,Sidney Hickox,William H. Ziegler,,1955-03-12,149 minutes,United States,English Navajo,,$8 million (US/ Canada rentals),,,https://www.imdb.com/title/tt0047860/,,,,https://www.rottentomatoes.com/m/Battle_cry,1955 films | Rotten Tomatoes ID same as Wikidata | 1955 English-language films | Navajo-language films | Films about Native Americans | Films scored by Max Steiner | Films based on American novels | Films based on military novels | Films directed by Raoul Walsh | Films set in 1942 | Pacific War films | Films about the United States Marine Corps | American war drama films | American World War II films | 1950s war drama films | Films shot in Philadelphia | American CinemaScope films | Warner Bros. films | 1955 drama films | Films set in San Diego | 1955 American films | English-language war drama films
1955,4,"20,000 Leagues Under the Sea",Buena Vista Distribution,8000000,"$8,000,000","https://en.wikipedia.org/wiki/20,000_Leagues_Under_the_Sea_(1954_film)",https://en.wikipedia.org/wiki/List_of_1955_box_office_number-one_films_in_the_United_States,Highest-grossing films of 1955,ok,"20,000 Leagues Under the Sea (1954 film)",20000leaguesposter.jpg,https://upload.wikimedia.org/wikipedia/en/thumb/b/b8/20000leaguesposter.jpg/250px-20000leaguesposter.jpg,https://upload.wikimedia.org/wikipedia/en/thumb/b/b8/20000leaguesposter.jpg/250px-20000leaguesposter.jpg,https://en.wikipedia.org/wiki/20%2C000_Leagues_Under_the_Sea_%281954_film%29,https://en.wikipedia.org/wiki/File:20000leaguesposter.jpg,covers/1955_4_20_000_leagues_under_the_sea.jpg,2026-05-21T13:26:48,ok,,2026-05-25T15:01:10,"20,000 Leagues Under the Sea (1954 film)","20,000 Leagues Under the Sea (1954 film)","https://en.wikipedia.org/wiki/20,000_Leagues_Under_the_Sea_(1954_film)",Richard Fleischer,Walt Disney,Earl Felton,Twenty Thousand Leagues Under the Seas (Jules Verne),Kirk Douglas James Mason Paul Lukas Peter Lorre,Paul Smith,Franz Planer,Elmo Williams,Walt Disney Productions,1954-12-23,127 minutes,United States,English,$5 million,$28.2 million,,,https://www.imdb.com/title/tt0694633/movieconnections/?ref_=tt_dyk_cnn,91%,32,7.70/10,https://www.rottentomatoes.com/m/1000079-20000_leagues_under_the_sea/,1954 films | Articles lacking reliable references from October 2018 | 1954 children's films | 1950s science fiction adventure films | American science fiction adventure films | 1954 English-language films | Films adapted into comics | Films based on Twenty Thousand Leagues Under the Seas | Films based on science fiction novels | Films directed by Richard Fleischer | Films produced by Walt Disney | Films scored by Paul Smith (composer) | Films set in San Francisco | Films set in the Pacific Ocean | Films set in 1868 | Films shot in Jamaica | Films shot in the Bahamas | Films that won the Best Visual Effects Academy Award | Films whose production designer won the Best Production Design Academy Award | Sea adventure films | Underwater civilizations in fiction | Walt Disney Pictures films | American CinemaScope films | Films set in New Guinea | 1954 American films | English-language science fiction adventure films | 1954 science fiction films
1955,5,Not as a Stranger,United Artists,7100000,"$7,100,000",https://en.wikipedia.org/wiki/Not_as_a_Stranger,https://en.wikipedia.org/wiki/List_of_1955_box_office_number-one_films_in_the_United_States,Highest-grossing films of 1955,ok,Not as a Stranger,Naas1955.jpg,https://upload.wikimedia.org/wikipedia/en/0/00/Naas1955.jpg,https://upload.wikimedia.org/wikipedia/en/0/00/Naas1955.jpg,https://en.wikipedia.org/wiki/Not_as_a_Stranger,https://en.wikipedia.org/wiki/File:Naas1955.jpg,covers/1955_5_not_as_a_stranger.jpg,2026-05-21T13:26:48,ok,,2026-05-25T15:01:12,Not as a Stranger,Not as a Stranger,https://en.wikipedia.org/wiki/Not_as_a_Stranger,Stanley Kramer,Stanley Kramer,Edna Anhalt Edward Anhalt,Not as a Stranger 1954 novel (Morton Thompson),Olivia de Havilland Robert Mitchum Frank Sinatra Gloria Grahame Broderick Crawford Lee Marvin,George Antheil,Franz Planer,Frederic Knudtson,Stanley Kramer Productions,1955-06-28,135 minutes,United States,English,$1.5 million,$6.2 million (US and Canada rentals),,,https://www.imdb.com/title/tt0048432/,,,,,1955 films | 1954 American novels | American novels adapted into films | Medical novels | 1955 romantic drama films | American romantic drama films | American black-and-white films | 1955 English-language films | Films scored by George Antheil | Films based on American novels | Films directed by Stanley Kramer | Films produced by Stanley Kramer | Medical-themed films | United Artists films | Films with screenplays by Edward Anhalt | Film noir | Films with screenplays by Edna Anhalt | Films about medical doctors | 1955 directorial debut films | 1955 American films | English-language romantic drama films
1955,6,The Country Girl,Paramount Pictures,6900000,"$6,900,000",https://en.wikipedia.org/wiki/The_Country_Girl_(1954_film),https://en.wikipedia.org/wiki/List_of_1955_box_office_number-one_films_in_the_United_States,Highest-grossing films of 1955,ok,The Country Girl (1954 film),The country girl.jpg,https://upload.wikimedia.org/wikipedia/en/thumb/e/e8/The_country_girl.jpg/250px-The_country_girl.jpg,https://upload.wikimedia.org/wikipedia/en/thumb/e/e8/The_country_girl.jpg/250px-The_country_girl.jpg,https://en.wikipedia.org/wiki/The_Country_Girl_%281954_film%29,https://en.wikipedia.org/wiki/File:The_country_girl.jpg,covers/1955_6_the_country_girl.jpg,2026-05-21T13:26:48,ok,,2026-05-25T15:01:14,The Country Girl (1954 film),The Country Girl (1954 film),https://en.wikipedia.org/wiki/The_Country_Girl_(1954_film),George Seaton,William Perlberg,George Seaton,"The Country Girl (1950 play) (The Country Girl, Clifford Odets)",Bing Crosby Grace Kelly William Holden,Victor Young,John F. Warren,Ellsworth Hoagland,Perlberg-Seaton Productions,1954-12-11 (Los Angeles); 1955-05-17 (United States),104 minutes,United States,English,,$6.5 million (estimation U.S./Canada rentals),,,https://www.imdb.com/title/tt0046874/,,,,https://www.rottentomatoes.com/m/1004798-country_girl,1954 films | Rotten Tomatoes ID same as Wikidata | Rotten Tomatoes template using name parameter | 1954 drama films | 1954 English-language films | 1950s musical drama films | American black-and-white films | American films based on plays | American musical drama films | Films about actors | Films about alcoholism | Films about grief | Films about marriage | Films about musical theatre | Films based on works by Clifford Odets | Films directed by George Seaton | Films featuring a Best Actress Academy Award–winning performance | Films featuring a Best Drama Actress Golden Globe–winning performance | Films produced by William Perlberg | Films scored by Victor Young | Films with songs by Ira Gershwin | Films set in Boston | Films set in New York City | Films whose writer won the Best Adapted Screenplay Academy Award | Paramount Pictures films | 1954 American films | English-language musical drama films
1955,7,Lady and the Tramp,Buena Vista Film Distribution,6500000,"$6,500,000",https://en.wikipedia.org/wiki/Lady_and_the_Tramp,https://en.wikipedia.org/wiki/List_of_1955_box_office_number-one_films_in_the_United_States,Highest-grossing films of 1955,ok,Lady and the Tramp,Lady-and-tramp-1955-poster.jpg,https://upload.wikimedia.org/wikipedia/en/thumb/3/39/Lady-and-tramp-1955-poster.jpg/250px-Lady-and-tramp-1955-poster.jpg,https://upload.wikimedia.org/wikipedia/en/thumb/3/39/Lady-and-tramp-1955-poster.jpg/250px-Lady-and-tramp-1955-poster.jpg,https://en.wikipedia.org/wiki/Lady_and_the_Tramp,https://en.wikipedia.org/wiki/File:Lady-and-tramp-1955-poster.jpg,covers/1955_7_lady_and_the_tramp.jpg,2026-05-21T13:26:48,ok,,2026-05-25T14:59:59,Lady and the Tramp,Lady and the Tramp,https://en.wikipedia.org/wiki/Lady_and_the_Tramp,Hamilton Luske Clyde Geronimi Wilfred Jackson,Walt Disney,Erdman Penner Joe Rinaldi Ralph Wright Don DaGradi,"""Happy Dan, the Cynical Dog"" (Ward Greene)","Peggy Lee Barbara Luddy Larry Roberts (actor), Larry Roberts Bill Thompson (voice actor), Bill Thompson Bill Baucom Stan Freberg Verna Felton Alan Reed George Givot Dallas McKennon Lee Millar The Mellomen",Oliver Wallace,,Don Halliday,Walt Disney Productions,1955-06-22,76 minutes,United States,English,$4 million,$187 million,,,https://www.imdb.com/title/tt0048280/,,,,https://www.rottentomatoes.com/m/lady_and_the_tramp,IMDb ID (Cite Mojo) different from Wikidata | Webarchive template wayback links | Wikipedia pages semi-protected against vandalism | 1955 films | Album articles lacking alt text for covers | Rotten Tomatoes ID same as Wikidata | Lady and the Tramp | 1950s romantic musical films | 1955 American animated films | 1955 children's films | 1955 English-language films | 1955 romantic comedy films | American children's animated musical films | American CinemaScope films | American romantic comedy films | American romantic musical films | Animated films about dogs | Animated films about prejudice | Animated films about talking animals | Animated films based on short fiction | Animated films set in the 1900s | Animated films set in the 1910s | Animated films set in the United States | Animated romance films | English-language romantic comedy films | English-language romantic musical films | Fictional couples | Films about pets | Films directed by Clyde Geronimi | Films directed by Hamilton Luske | Films directed by Wilfred Jackson | Films produced by Walt Disney | Films scored by Oliver Wallace | Films set in 1909 | Films set in 1910 | Films with screenplays by Don DaGradi | Films with screenplays by Erdman Penner | Films with screenplays by Joe Rinaldi | Films with screenplays by Ralph Wright | Rotoscoped films | United States National Film Registry films | Walt Disney Animation Studios films | Xenofiction films
1955,8,Strategic Air Command,Paramount Pictures,6500000,"$6,500,000",https://en.wikipedia.org/wiki/Strategic_Air_Command_(film),https://en.wikipedia.org/wiki/List_of_1955_box_office_number-one_films_in_the_United_States,Highest-grossing films of 1955,ok,Strategic Air Command (film),Strategic Air Command - 1955- Poster.png,https://upload.wikimedia.org/wikipedia/en/thumb/6/68/Strategic_Air_Command_-_1955-_Poster.png/250px-Strategic_Air_Command_-_1955-_Poster.png,https://upload.wikimedia.org/wikipedia/en/thumb/6/68/Strategic_Air_Command_-_1955-_Poster.png/250px-Strategic_Air_Command_-_1955-_Poster.png,https://en.wikipedia.org/wiki/Strategic_Air_Command_%28film%29,https://en.wikipedia.org/wiki/File:Strategic_Air_Command_-_1955-_Poster.png,covers/1955_8_strategic_air_command.jpg,2026-05-21T13:26:48,ok,,2026-05-25T14:50:18,Strategic Air Command (film),Strategic Air Command (film),https://en.wikipedia.org/wiki/Strategic_Air_Command_(film),Anthony Mann,Samuel J. Briskin,Valentine Davies Beirne Lay Jr.,,James Stewart June Allyson Frank Lovejoy Barry Sullivan Alex Nicol Bruce Bennett,Victor Young,William H. Daniels,Eda Warren,Paramount Pictures,1955-03-25,114 minutes,United States,English,,$6.5 million (U.S. and Canada rentals),,,https://www.imdb.com/title/tt0048667/,,,,http://www.rottentomatoes.com/m/strategic_air_command/,"1955 films | Cold War aviation films | Films scored by Victor Young | Films about nuclear war and weapons | Films directed by Anthony Mann | Paramount Pictures films | Strategic Air Command | Films about the United States Air Force | Films produced by Samuel J. Briskin | 1955 English-language films | 1955 American films | Films set in Fort Worth, Texas | Films set in St. Petersburg, Florida | VistaVision films"
1955,9,To Hell and Back,Universal Pictures,6000000,"$6,000,000",https://en.wikipedia.org/wiki/To_Hell_and_Back_(film),https://en.wikipedia.org/wiki/List_of_1955_box_office_number-one_films_in_the_United_States,Highest-grossing films of 1955,ok,To Hell and Back (film),To-Hell-and-Back-Poster.jpg,https://upload.wikimedia.org/wikipedia/commons/thumb/2/26/To-Hell-and-Back-Poster.jpg/250px-To-Hell-and-Back-Poster.jpg,https://upload.wikimedia.org/wikipedia/commons/thumb/2/26/To-Hell-and-Back-Poster.jpg/250px-To-Hell-and-Back-Poster.jpg,https://en.wikipedia.org/wiki/To_Hell_and_Back_%28film%29,https://en.wikipedia.org/wiki/File:To-Hell-and-Back-Poster.jpg,covers/1955_9_to_hell_and_back.jpg,2026-05-21T13:26:48,ok,,2026-05-25T14:50:18,To Hell and Back (film),To Hell and Back (film),https://en.wikipedia.org/wiki/To_Hell_and_Back_(film),Jesse Hibbs,Aaron Rosenberg,Gil Doud,"To Hell and Back (Murphy book) (To Hell and Back 1949 memoir, Audie Murphy)","Audie Murphy Marshall Thompson Charles Drake (actor), Charles Drake",Irving Gertz William Lava Henry Mancini Lou Maury,Maury Gertsman,Edward Curtiss,,"Film date, 1955, 08, 17, San Antonio, ref1=",106 minutes,United States,English,"$500,000","$5,799,852 (US and Canada rentals)efn, Please note this figure is rentals accruing to film distributors, not total money earned at the box office.",,,https://www.imdb.com/title/tt1654053/,,,,https://www.rottentomatoes.com/m/to_hell_and_back,Webarchive template wayback links | 1955 films | 1955 war films | 1950s biographical films | American war films | American biographical films | American World War II films | World War II films based on actual events | Films about the Italian campaign (World War II) | Films about the Western Front (World War II) | Films based on non-fiction books | Films based on autobiographies | American CinemaScope films | Audie Murphy | Universal Pictures films | Films scored by Irving Gertz | Films scored by Henry Mancini | Films scored by William Lava | Biographical films about military personnel | Films directed by Jesse Hibbs | 1955 English-language films | 1955 American films | English-language war films | English-language biographical films
1955,10,The Sea Chase,Warner Bros. Pictures,6000000,"$6,000,000",https://en.wikipedia.org/wiki/The_Sea_Chase,https://en.wikipedia.org/wiki/List_of_1955_box_office_number-one_films_in_the_United_States,Highest-grossing films of 1955,ok,The Sea Chase,The Sea Chase 1955.jpg,https://upload.wikimedia.org/wikipedia/en/f/f5/The_Sea_Chase_1955.jpg,https://upload.wikimedia.org/wikipedia/en/f/f5/The_Sea_Chase_1955.jpg,https://en.wikipedia.org/wiki/The_Sea_Chase,https://en.wikipedia.org/wiki/File:The_Sea_Chase_1955.jpg,covers/1955_10_the_sea_chase.jpg,2026-05-21T13:26:48,ok,,2026-05-25T14:50:18,The Sea Chase,The Sea Chase,https://en.wikipedia.org/wiki/The_Sea_Chase,John Farrow,John Farrow,James Warner Bellah and John Twist Frank S. Nugent (uncredited),The Sea Chase 1948 novel (Andrew Geer),"Plain list, John Wayne Lana Turner David Farrar Lyle Bettger Tab Hunter James Arness Dick Davalos John Qualen",Roy Webb,William Clothier,William Ziegler,,1955-06-04,116-17 minutes,United States,English,,$6 million (US),,,https://www.imdb.com/title/tt0048593/,,,,,1955 films | Vague or ambiguous time from April 2023 | 1955 drama films | American war drama films | Films based on American novels | Films directed by John Farrow | Films set in New Zealand | Films set in Chile | Films shot in Hawaii | Warner Bros. films | World War II naval films | Films scored by Roy Webb | American CinemaScope films | 1955 English-language films | 1955 American films | 1950s war drama films | English-language war drama films
1956,1,Guys and Dolls,Metro-Goldwyn-Mayer,9000000,"$9,000,000",https://en.wikipedia.org/wiki/Guys_and_Dolls_(film),https://en.wikipedia.org/wiki/List_of_1956_box_office_number-one_films_in_the_United_States,Highest-grossing films of 1956,ok,Guys and Dolls (film),Guys and dolls movieposter.jpg,https://upload.wikimedia.org/wikipedia/en/f/f6/Guys_and_dolls_movieposter.jpg,https://upload.wikimedia.org/wikipedia/en/f/f6/Guys_and_dolls_movieposter.jpg,https://en.wikipedia.org/wiki/Guys_and_Dolls_%28film%29,https://en.wikipedia.org/wiki/File:Guys_and_dolls_movieposter.jpg,covers/1956_1_guys_and_dolls.jpg,2026-05-21T13:42:53,ok,,2026-05-25T14:50:18,Guys and Dolls (film),Guys and Dolls (film),https://en.wikipedia.org/wiki/Guys_and_Dolls_(film),Joseph L. Mankiewicz,Samuel Goldwyn,Joseph L. Mankiewicz,"Guys and Dolls by Abe Burrows, Jo Swerling, Frank Loesser, Damon Runyon","Marlon Brando, Jean Simmons, Frank Sinatra, Vivian Blaine, Stubby Kaye, Johnny Silver, Robert Keith (actor), Robert Keith, B.S. Pully",Frank Loesser,Harry Stradling,Daniel Mandell,Samuel Goldwyn Productions,1955-11-03,150 minutes,United States,English,$5.5 million,$6.8 million (US/Canada rentals),,,https://www.imdb.com/title/tt0047296/trivia,,,,https://www.rottentomatoes.com/m/guys_and_dolls,1955 films | Rotten Tomatoes ID same as Wikidata | Rotten Tomatoes template using name parameter | 1955 American films | 1955 English-language films | 1950s crime comedy films | 1950s romantic musical films | American CinemaScope films | American crime comedy films | American films about gambling | American romantic musical films | Best Musical or Comedy Picture Golden Globe winners | English-language crime comedy films | English-language romantic musical films | Films based on adaptations | Films based on musicals | Films based on works by Damon Runyon | Films based on short fiction | Films about craps | Films directed by Joseph L. Mankiewicz | Films featuring a Best Musical or Comedy Actress Golden Globe winning performance | Films set in Cuba | Films set in New York City | Films with screenplays by Joseph L. Mankiewicz | Metro-Goldwyn-Mayer films | Samuel Goldwyn Productions films
1956,2,The King and I,20th Century-Fox,8500000,"$8,500,000",https://en.wikipedia.org/wiki/The_King_and_I_(1956_film),https://en.wikipedia.org/wiki/List_of_1956_box_office_number-one_films_in_the_United_States,Highest-grossing films of 1956,ok,The King and I (1956 film),Original movie poster for the film The King and I.jpg,https://upload.wikimedia.org/wikipedia/en/thumb/1/17/Original_movie_poster_for_the_film_The_King_and_I.jpg/250px-Original_movie_poster_for_the_film_The_King_and_I.jpg,https://upload.wikimedia.org/wikipedia/en/thumb/1/17/Original_movie_poster_for_the_film_The_King_and_I.jpg/250px-Original_movie_poster_for_the_film_The_King_and_I.jpg,https://en.wikipedia.org/wiki/The_King_and_I_%281956_film%29,https://en.wikipedia.org/wiki/File:Original_movie_poster_for_the_film_The_King_and_I.jpg,covers/1956_2_the_king_and_i.jpg,2026-05-21T13:42:53,ok,,2026-05-25T14:50:18,The King and I (1956 film),The King and I (1956 film),https://en.wikipedia.org/wiki/The_King_and_I_(1956_film),Walter Lang,Charles Brackett,Ernest Lehman,"The King and I 1951 musical (Richard Rodgers and Oscar Hammerstein II) Anna and the King of Siam (novel) (Anna and the King of Siam 1944 novel, Margaret Landon)","Deborah Kerr Yul Brynner Rita Moreno Martin Benson (actor), Martin Benson Rex Thompson",Richard Rodgers,Leon Shamroy,Robert Simpson,,1956-06-28,"133 minutes 144 minutes (with Overture, Entr'acte, and Exit Music)",United States,English,$4.55 million,$21.3 million,,,https://www.imdb.com/title/tt0049408/releaseinfo,,,,https://www.rottentomatoes.com/m/1011605-king_and_i,Webarchive template wayback links | 1956 films | The King and I | 1956 musical films | 1956 romantic drama films | 1956 American films | 1956 English-language films | 1950s romantic musical films | 20th Century Fox films | American CinemaScope films | American romantic drama films | American romantic musical films | Best Musical or Comedy Picture Golden Globe winners | Censored films | Cultural depictions of Anna Leonowens | Cultural depictions of Mongkut | English-language romantic drama films | English-language romantic musical films | Film censorship in Thailand | Films about interracial romance | Films about kings | Films about royalty | Films about teacher–student relationships | Films adapted into television shows | Films based on adaptations | Films based on musicals by Rodgers and Hammerstein | Films directed by Walter Lang | Films featuring a Best Actor Academy Award–winning performance | Films featuring a Best Musical or Comedy Actress Golden Globe winning performance | Films produced by Charles Brackett | Films scored by Alfred Newman | Films scored by Ken Darby | Films set in 1862 | Films set in Bangkok | Films that won the Best Costume Design Academy Award | Films that won the Best Original Score Academy Award | Films that won the Best Sound Mixing Academy Award | Films whose production designer won the Best Production Design Academy Award | Films with screenplays by Ernest Lehman | Musical films based on actual events | Whitewashing in film
1956,3,Trapeze,United Artists,7500000,"$7,500,000",https://en.wikipedia.org/wiki/Trapeze_(film),https://en.wikipedia.org/wiki/List_of_1956_box_office_number-one_films_in_the_United_States,Highest-grossing films of 1956,ok,Trapeze (film),Trapezeposter.jpg,https://upload.wikimedia.org/wikipedia/en/thumb/f/fc/Trapezeposter.jpg/250px-Trapezeposter.jpg,https://upload.wikimedia.org/wikipedia/en/thumb/f/fc/Trapezeposter.jpg/250px-Trapezeposter.jpg,https://en.wikipedia.org/wiki/Trapeze_%28film%29,https://en.wikipedia.org/wiki/File:Trapezeposter.jpg,covers/1956_3_trapeze.jpg,2026-05-21T13:42:53,ok,,2026-05-25T14:50:18,Trapeze (film),Trapeze (film),https://en.wikipedia.org/wiki/Trapeze_(film),Carol Reed,James Hill,Liam O'Brien (adaptation) James R. Webb (screenplay),The Killing Frost 1950 novel (Max Catto),Burt Lancaster Tony Curtis Gina Lollobrigida,Malcolm Arnold,Robert Krasker,Bert Bates,,1956-05-30,105 minutes,United States,English Italian,$4 million,$15.5 million (US),,,https://www.imdb.com/title/tt0049875/,,,,,1956 films | 1956 drama films | American drama films | American CinemaScope films | Circus films | Films based on British novels | Films directed by Carol Reed | Films produced by Burt Lancaster | Films produced by James Hill | Films produced by Harold Hecht | Films scored by Malcolm Arnold | Films with screenplays by Ben Hecht | Films with screenplays by James R. Webb | Films with screenplays by Wolf Mankowitz | Norma Productions films | United Artists films | 1956 English-language films | 1956 American films | English-language drama films
1956,4,High Society,Metro-Goldwyn-Mayer,6500000,"$6,500,000",https://en.wikipedia.org/wiki/High_Society_(1956_film),https://en.wikipedia.org/wiki/List_of_1956_box_office_number-one_films_in_the_United_States,Highest-grossing films of 1956,ok,High Society (1956 film),High society1956 poster.jpg,https://upload.wikimedia.org/wikipedia/en/5/5b/High_society1956_poster.jpg,https://upload.wikimedia.org/wikipedia/en/5/5b/High_society1956_poster.jpg,https://en.wikipedia.org/wiki/High_Society_%281956_film%29,https://en.wikipedia.org/wiki/File:High_society1956_poster.jpg,covers/1956_4_high_society.jpg,2026-05-21T13:42:53,ok,,2026-05-25T14:50:18,High Society (1956 film),High Society (1956 film),https://en.wikipedia.org/wiki/High_Society_(1956_film),Charles Walters,Sol C. Siegel,John Patrick,"The Philadelphia Story (play) (The Philadelphia Story 1939 play, Philip Barry)",Bing Crosby Grace Kelly Frank Sinatra,Cole Porter,Paul C. Vogel,Ralph E. Winters,,1956-07-17,111 minutes,United States,English,$2.8 million,$8.2 million (rentals),,,https://www.imdb.com/title/tt0049314/,,,,https://www.rottentomatoes.com/m/high_society,Webarchive template wayback links | 1956 films | 1956 musical comedy films | 1956 romantic comedy films | 1956 American films | 1956 English-language films | 1950s romantic musical films | American films based on plays | American musical comedy films | American romantic comedy films | American romantic musical films | Comedy film remakes | Comedy of remarriage films | English-language musical comedy films | English-language romantic comedy films | English-language romantic musical films | Films about music and musicians | Films about social class | Films about socialites | Films about tabloid journalism | Films about weddings in the United States | Films directed by Charles Walters | Films produced by Sol C. Siegel | Films scored by Cole Porter | Films scored by Johnny Green | Films scored by Saul Chaplin | Films set in country houses | Films set in Rhode Island | Films shot in Los Angeles | Films shot in Rhode Island | Metro-Goldwyn-Mayer films | Musical film remakes | Remakes of American films | Romance film remakes | United States National Film Registry films | VistaVision films
1956,5,I'll Cry Tomorrow,Metro-Goldwyn-Mayer,6500000,"$6,500,000",https://en.wikipedia.org/wiki/I%27ll_Cry_Tomorrow,https://en.wikipedia.org/wiki/List_of_1956_box_office_number-one_films_in_the_United_States,Highest-grossing films of 1956,ok,I'll Cry Tomorrow,Ill cry tomorrow poster.jpg,https://upload.wikimedia.org/wikipedia/en/8/89/Ill_cry_tomorrow_poster.jpg,https://upload.wikimedia.org/wikipedia/en/8/89/Ill_cry_tomorrow_poster.jpg,https://en.wikipedia.org/wiki/I%27ll_Cry_Tomorrow,https://en.wikipedia.org/wiki/File:Ill_cry_tomorrow_poster.jpg,covers/1956_5_i_ll_cry_tomorrow.jpg,2026-05-21T13:42:53,ok,,2026-05-25T14:50:18,I'll Cry Tomorrow,I'll Cry Tomorrow,https://en.wikipedia.org/wiki/I%27ll_Cry_Tomorrow,Daniel Mann,Lawrence Weingarten,Helen Deutsch Jay Richard Kennedy,"I'll Cry Tomorrow (book) (I'll Cry Tomorrow 1954 book, Lillian Roth Mike Connolly (columnist), Mike Connolly Gerold Frank)",Susan Hayward Richard Conte Eddie Albert Margo Jo Van Fleet,Alex North,Arthur E. Arling,Harold F. Kress,,1955-12-25,119 minutes,United States,English,"$2,147,000","$7,727,000",,,https://www.imdb.com/title/tt0048191/,,,,,1955 films | 1955 drama films | 1950s biographical drama films | American biographical drama films | American black-and-white films | Biographical films about actors | Cultural depictions of actors | Cultural depictions of American people | Films about alcoholism | Films based on autobiographies | Films directed by Daniel Mann | Films scored by Alex North | Films that won the Best Costume Design Academy Award | Metro-Goldwyn-Mayer films | 1955 English-language films | 1955 American films | English-language biographical drama films
1956,6,Picnic,Columbia Pictures,6300000,"$6,300,000",https://en.wikipedia.org/wiki/Picnic_(1955_film),https://en.wikipedia.org/wiki/List_of_1956_box_office_number-one_films_in_the_United_States,Highest-grossing films of 1956,ok,Picnic (1955 film),Picnic (1955 film) poster.jpg,https://upload.wikimedia.org/wikipedia/en/c/c2/Picnic_%281955_film%29_poster.jpg,https://upload.wikimedia.org/wikipedia/en/c/c2/Picnic_%281955_film%29_poster.jpg,https://en.wikipedia.org/wiki/Picnic_%281955_film%29,https://en.wikipedia.org/wiki/File:Picnic_%281955_film%29_poster.jpg,covers/1956_6_picnic.jpg,2026-05-21T13:42:53,ok,,2026-05-25T14:50:18,Picnic (1955 film),Picnic (1955 film),https://en.wikipedia.org/wiki/Picnic_(1955_film),Joshua Logan,Fred Kohlmar,Daniel Taradash,"Picnic (play) (Picnic 1953 play, William Inge)",William Holden Kim Novak Betty Field Susan Strasberg Cliff Robertson Rosalind Russell,George Duning,James Wong Howe,William A. Lyon Charles Nelson,,"Film date, 1955, 12, 06, Warner Beverly Hills Theater, 1956, 02, 17",115 minutes,United States,English,$3 million,$9 million (worldwide rentals),,,https://www.imdb.com/title/tt0048491/,,,,https://www.rottentomatoes.com/m/picnic,"1955 films | Rotten Tomatoes ID same as Wikidata | 1955 American films | 1955 comedy films | 1955 drama films | 1955 English-language films | 1950s romantic comedy-drama films | American CinemaScope films | American films based on plays | American romantic comedy-drama films | Columbia Pictures films | English-language romantic comedy-drama films | Films about social class | Films directed by Joshua Logan | Films scored by George Duning | Films set in Kansas | Films shot in Kansas | Films whose production designer won the Best Production Design Academy Award | Films whose director won the Best Director Golden Globe | Films whose editor won the Best Film Editing Academy Award | Films set in 1955 | Films about picnics | Salina, Kansas"
1956,7,War and Peace,"Paramount Pictures (United States) Dino De Laurentiis, Dino de Laurentiis Cinematografica (Italy)",6250000,"$6,250,000",https://en.wikipedia.org/wiki/War_and_Peace_(1956_film),https://en.wikipedia.org/wiki/List_of_1956_box_office_number-one_films_in_the_United_States,Highest-grossing films of 1956,ok,War and Peace (1956 film),Poster - War and Peace (1956) 03.jpg,https://upload.wikimedia.org/wikipedia/en/0/04/Poster_-_War_and_Peace_%281956%29_03.jpg,https://upload.wikimedia.org/wikipedia/en/0/04/Poster_-_War_and_Peace_%281956%29_03.jpg,https://en.wikipedia.org/wiki/War_and_Peace_%281956_film%29,https://en.wikipedia.org/wiki/File:Poster_-_War_and_Peace_%281956%29_03.jpg,covers/1956_7_war_and_peace.jpg,2026-05-21T13:42:53,ok,,2026-05-25T14:50:18,War and Peace (1956 film),War and Peace (1956 film),https://en.wikipedia.org/wiki/War_and_Peace_(1956_film),King Vidor,Dino De Laurentiis,Bridget Boland Mario Camerini Ennio De Concini Gian Gaspare Napolitano Ivo Perilli Mario Soldati King Vidor Robert Westerby,War and Peace (Leo Tolstoy),"Audrey Hepburn Henry Fonda Mel Ferrer Vittorio Gassman Herbert Lom Oskar Homolka Anita Ekberg Helmut Dantine Barry Jones (actor), Barry Jones Anna Maria Ferrero Milly Vitale Jeremy Brett John Mills",Nino Rota,Jack Cardiff,"Leo Catozzo, Leo Cattozzo Stuart Gilmore",Ponti-De Laurentiis Cinematografica,1956-08-21 (United States); 1956-12-29 (Italy),208 minutes,United States Italy,English,$5 million,$12.25 million (US/Italy/France/Germany rentals),,,https://www.imdb.com/title/tt0049934/,,,,http://www.rottentomatoes.com/m/1023093-war_and_peace/,1956 films | Articles containing Italian-language text | 1956 American films | 1956 English-language films | 1956 Italian films | 1956 romantic drama films | 1956 war films | 1950s epic films | 1950s historical drama films | 1950s historical romance films | 1950s war drama films | 1950s war romance films | American epic films | American historical drama films | American historical romance films | American romantic drama films | American war drama films | American war romance films | Best Foreign Language Film Golden Globe winners | Cultural depictions of Alexander I of Russia | Depictions of Napoleon on film | English-language historical drama films | English-language historical romance films | English-language Italian films | English-language romantic drama films | English-language war drama films | English-language war romance films | Films based on War and Peace | Films directed by King Vidor | Films produced by Carlo Ponti | Films produced by Dino De Laurentiis | Films scored by Nino Rota | Films set in 1805 | Films set in 1812 | Films set in the 19th-century Russian Empire | Films shot in Rome | Films shot in Sardinia | Films with screenplays by Bridget Boland | Italian epic films | Italian historical drama films | Italian historical romance films | Italian romantic drama films | Italian war drama films | Napoleonic Wars films | Paramount Pictures films | VistaVision films
1956,8,The Eddy Duchin Story,Columbia Pictures,5300000,"$5,300,000",https://en.wikipedia.org/wiki/The_Eddy_Duchin_Story,https://en.wikipedia.org/wiki/List_of_1956_box_office_number-one_films_in_the_United_States,Highest-grossing films of 1956,ok,The Eddy Duchin Story,The Eddy Duchin Story poster.jpg,https://upload.wikimedia.org/wikipedia/en/thumb/2/29/The_Eddy_Duchin_Story_poster.jpg/250px-The_Eddy_Duchin_Story_poster.jpg,https://upload.wikimedia.org/wikipedia/en/thumb/2/29/The_Eddy_Duchin_Story_poster.jpg/250px-The_Eddy_Duchin_Story_poster.jpg,https://en.wikipedia.org/wiki/The_Eddy_Duchin_Story,https://en.wikipedia.org/wiki/File:The_Eddy_Duchin_Story_poster.jpg,covers/1956_8_the_eddy_duchin_story.jpg,2026-05-21T13:42:53,ok,,2026-05-25T15:00:01,The Eddy Duchin Story,The Eddy Duchin Story,https://en.wikipedia.org/wiki/The_Eddy_Duchin_Story,George Sidney,Jerry Wald Jonie Taps (associate producer),Samuel A. Taylor,,Kim Novak Tyrone Power Victoria Shaw James Whitmore Shepperd Strudwick,George Duning,Harry Stradling,Viola Lawrence Jack Ogilvie,Columbia Pictures,1956-06-21,123 minutes,United States,English,$3 million,$5.3 million (US),,,https://www.imdb.com/title/tt0049170/,,,,https://www.rottentomatoes.com/m/eddy_duchin_story,1956 films | Rotten Tomatoes ID same as Wikidata | Rotten Tomatoes template using name parameter | 1950s biographical drama films | American biographical drama films | Biographical films about musicians | Columbia Pictures films | Films about pianos and pianists | Films directed by George Sidney | Films scored by George Duning | Films scored by Morris Stoloff | Films with screenplays by Samuel A. Taylor | Cultural depictions of jazz musicians | Cultural depictions of American people | 1956 drama films | American CinemaScope films | 1956 English-language films | 1956 American films | English-language biographical drama films | Films produced by Jerry Wald
1956,9,Moby Dick,Warner Bros.,5200000,"$5,200,000",https://en.wikipedia.org/wiki/Moby_Dick_(1956_film),https://en.wikipedia.org/wiki/List_of_1956_box_office_number-one_films_in_the_United_States,Highest-grossing films of 1956,ok,Moby Dick (1956 film),Moby dick434.jpg,https://upload.wikimedia.org/wikipedia/en/thumb/a/a1/Moby_dick434.jpg/250px-Moby_dick434.jpg,https://upload.wikimedia.org/wikipedia/en/thumb/a/a1/Moby_dick434.jpg/250px-Moby_dick434.jpg,https://en.wikipedia.org/wiki/Moby_Dick_%281956_film%29,https://en.wikipedia.org/wiki/File:Moby_dick434.jpg,covers/1956_9_moby_dick.jpg,2026-05-21T13:42:53,ok,,2026-05-25T15:00:02,Moby Dick (1956 film),Moby Dick (1956 film),https://en.wikipedia.org/wiki/Moby_Dick_(1956_film),John Huston,John Huston,Ray Bradbury John Huston,Moby-Dick (Herman Melville),Gregory Peck Richard Basehart Leo Genn Orson Welles,Philip Sainton,Oswald Morris,Russell Lloyd,Moulin Productions,1956-06-27 (New Bedford); 1956-11-07 (London),116 minutes,United Kingdom United States,English,"US$ 4,500,000 or £2 millioncitation needed, date=November 2020",$5.2 million (US),,,https://www.imdb.com/title/tt0049513/,,,,https://www.rottentomatoes.com/m/1014090-moby_dick,1956 films | Wikipedia articles that are excessively detailed from June 2023 | Wikipedia articles with style issues from June 2023 | Wikipedia articles needing clarification from August 2011 | 1956 adventure films | American disaster films | American survival films | British drama films | American films about revenge | Films adapted into comics | Films shot in Wales | Films based on Moby-Dick | Films directed by John Huston | Films set in the 1840s | Films set in Massachusetts | Films set on ships | Films set in the Pacific Ocean | Films shot at Associated British Studios | Films shot in Portugal | Films shot in the Canary Islands | Films with screenplays by John Huston | Sea adventure films | Warner Bros. films | Films shot in Ireland | 1956 English-language films | 1956 American films | 1956 British films | Films with screenplays by Ray Bradbury | English-language drama films
1956,10,The Searchers,Warner Bros.,4800000,"$4,800,000",https://en.wikipedia.org/wiki/The_Searchers,https://en.wikipedia.org/wiki/List_of_1956_box_office_number-one_films_in_the_United_States,Highest-grossing films of 1956,ok,The Searchers,SearchersPoster-BillGold.jpg,https://upload.wikimedia.org/wikipedia/commons/thumb/5/59/SearchersPoster-BillGold.jpg/250px-SearchersPoster-BillGold.jpg,https://upload.wikimedia.org/wikipedia/commons/thumb/5/59/SearchersPoster-BillGold.jpg/250px-SearchersPoster-BillGold.jpg,https://en.wikipedia.org/wiki/The_Searchers,https://en.wikipedia.org/wiki/File:SearchersPoster-BillGold.jpg,covers/1956_10_the_searchers.jpg,2026-05-21T13:42:53,ok,,2026-05-25T15:00:04,The Searchers,The Searchers,https://en.wikipedia.org/wiki/The_Searchers,John Ford,,Frank S. Nugent,The Searchers 1954 novel (Alan Le May),John Wayne Jeffrey Hunter Vera Miles Ward Bond Natalie Wood,Max Steiner,Winton C. Hoch,Jack Murray,C.V. Whitney Pictures,"Film date, 1956, 05, 16, Chicago Theatre, ref1=",119 minutes,United States,English,$3.75 million,,,,https://www.imdb.com/title/tt0049730/,,,,https://www.rottentomatoes.com/m/searchers/,Webarchive template wayback links | Harv and Sfn no-target errors | 1956 films | Articles needing more detailed references | Rotten Tomatoes ID same as Wikidata | 1956 Western (genre) films | American Western (genre) epic films | Revisionist Western (genre) films | American Indian Wars films | Comanche in popular culture | Films about kidnapping | Films about missing people | Films about revenge | Films adapted into comics | Films directed by John Ford | Films scored by Max Steiner | Films set in Texas | Films set in the 1860s | Films set in the 1870s | Films set in the American frontier | Films shot in Arizona | Films shot in California | Films shot in Colorado | Films shot in Edmonton | Films shot in Monument Valley | Films shot in Utah | United States National Film Registry films | Warner Bros. films | 1956 English-language films | 1956 American films | English-language Western (genre) films | VistaVision films | Articles containing video clips
1957,1,The Ten Commandments,Paramount Pictures,18500000,"$18,500,000",https://en.wikipedia.org/wiki/The_Ten_Commandments_(1956_film),https://en.wikipedia.org/wiki/List_of_1957_box_office_number-one_films_in_the_United_States,Highest-grossing films of 1957,ok,The Ten Commandments (1956 film),The Ten Commandments (1956 film poster).jpg,https://upload.wikimedia.org/wikipedia/commons/thumb/d/df/The_Ten_Commandments_%281956_film_poster%29.jpg/250px-The_Ten_Commandments_%281956_film_poster%29.jpg,https://upload.wikimedia.org/wikipedia/commons/thumb/d/df/The_Ten_Commandments_%281956_film_poster%29.jpg/250px-The_Ten_Commandments_%281956_film_poster%29.jpg,https://en.wikipedia.org/wiki/The_Ten_Commandments_%281956_film%29,https://en.wikipedia.org/wiki/File:The_Ten_Commandments_%281956_film_poster%29.jpg,covers/1957_1_the_ten_commandments.jpg,2026-05-21T13:51:34,ok,,2026-05-25T15:00:05,The Ten Commandments (1956 film),The Ten Commandments (1956 film),https://en.wikipedia.org/wiki/The_Ten_Commandments_(1956_film),Cecil B. DeMille,Cecil B. DeMille,"Aeneas MacKenzie Jesse L. Lasky, Jr. Jack Gariss Fredric M. Frank","Book of Exodus Prince of Egypt (1949 novel) (Dorothy Clarke Wilson) Pillar of Fire (1859 novel) (Joseph Holt Ingraham (writer), J. H. Ingraham) On Eagle's Wings (1939 novel) (Arthur Eustace Southon, A. E. Southon)",Charlton Heston Yul Brynner Anne Baxter Edward G. Robinson Yvonne De Carlo Debra Paget John Derek Cedric Hardwicke Nina Foch Martha Scott Judith Anderson Vincent Price,Elmer Bernstein,Loyal Griggs,Anne Bauchens,Motion Picture Associates,1956-11-08 (New York City); 1956-11-14 (Beverly Hills),220 minutes),United States,English,$13 million,$122.7 million),,,https://www.imdb.com/title/tt0049833/awards,,,,https://www.rottentomatoes.com/m/1021015_ten_commandments,Webarchive template wayback links | Interlanguage link template forcing interwiki links | 1956 films | Articles that may contain original research from February 2026 | Official website different in Wikidata and Wikipedia | Rotten Tomatoes ID same as Wikidata | Rotten Tomatoes template using name parameter | Ten Commandments | 1956 drama films | American drama films | American religious epic films | Films directed by Cecil B. DeMille | Portrayals of Moses in film | Cultural depictions of Ramesses II | Cultural depictions of Nefertari | 1956 English-language films | Films scored by Elmer Bernstein | Films about slavery | Films about the ten plagues of Egypt | Films based on multiple works | Films based on the Book of Exodus | Films set in the Nineteenth Dynasty of Egypt | Films set in the 13th century BC | Films that won the Best Visual Effects Academy Award | Films about God | Films about child death | Remakes of American films | Sound film remakes of silent films | United States National Film Registry films | Paramount Pictures films | Films about Jews and Judaism | Cultural depictions of Seti I | Articles containing video clips | 1956 American films | VistaVision films | Zipporah | English-language drama films | American historical films | 1950s epic films | Film remakes directed by directors of the original films
1957,2,Around the World in 80 Days,United Artists,16200000,"$16,200,000",https://en.wikipedia.org/wiki/Around_the_World_in_80_Days_(1956_film),https://en.wikipedia.org/wiki/List_of_1957_box_office_number-one_films_in_the_United_States,Highest-grossing films of 1957,ok,Around the World in 80 Days (1956 film),Around the World in 80 Days (1956 film) poster.jpg,https://upload.wikimedia.org/wikipedia/en/5/5e/Around_the_World_in_80_Days_%281956_film%29_poster.jpg,https://upload.wikimedia.org/wikipedia/en/5/5e/Around_the_World_in_80_Days_%281956_film%29_poster.jpg,https://en.wikipedia.org/wiki/Around_the_World_in_80_Days_%281956_film%29,https://en.wikipedia.org/wiki/File:Around_the_World_in_80_Days_%281956_film%29_poster.jpg,covers/1957_2_around_the_world_in_80_days.jpg,2026-05-21T13:51:34,ok,,2026-05-25T15:00:07,Around the World in 80 Days (1956 film),Around the World in 80 Days (1956 film),https://en.wikipedia.org/wiki/Around_the_World_in_80_Days_(1956_film),Michael Anderson,Michael Todd,"James Poe John Farrow S. J. Perelman, S.J. Perelman",Around the World in Eighty Days 1873 novel (Jules Verne),David Niven Cantinflas Robert Newton Shirley MacLaine,Victor Young,Lionel Lindon,Gene Ruggiero Howard Epstein,Michael Todd Company,1956-10-17 (New York City); 1956-12-22 (Los Angeles),182 minutes,United States,English,$6 million,$42 million,,,https://www.imdb.com/title/tt3005242/,,,,http://www.rottentomatoes.com/m/1001193-around_the_world_in_80_days/,Articles lacking reliable references from July 2024 | Use British English from September 2013 | All Wikipedia articles written in British English | 1956 films | Articles needing additional references from October 2012 | Articles needing additional references from October 2010 | Vague or ambiguous time from December 2016 | Rotten Tomatoes ID same as Wikidata | Rotten Tomatoes template using name parameter | 1956 English-language films | American adventure comedy films | American epic films | 1950s adventure comedy films | American aviation films | Best Drama Picture Golden Globe winners | Best Picture Academy Award winners | Films scored by Victor Young | Films based on Around the World in Eighty Days | Films directed by Michael Anderson | Films featuring a Best Musical or Comedy Actor Golden Globe winning performance | Films set in Hong Kong | Films set in Madrid | Films set in Paris | Films set in London | Films set in San Francisco | Films set in 1872 | Films set in the British Raj | Films set in Yokohama | Films shot in Chinchón | Films that won the Best Original Score Academy Award | Films whose cinematographer won the Best Cinematography Academy Award | Films whose editor won the Best Film Editing Academy Award | Films whose writer won the Best Adapted Screenplay Academy Award | Films with screenplays by James Poe | United Artists films | Films about travel | Films adapted into comics | Films shot in Sylhet | 1956 comedy films | Films set in India | Films set in Mumbai | Films set in Kolkata | Cultural depictions of Indian people | 1956 American films | Comedy epic films | English-language action comedy films | English-language adventure comedy films | Films set in the Meiji era | 1950s epic films
1957,3,Giant,Warner Bros. Pictures,12000000,"$12,000,000",https://en.wikipedia.org/wiki/Giant_(1956_film),https://en.wikipedia.org/wiki/List_of_1957_box_office_number-one_films_in_the_United_States,Highest-grossing films of 1957,ok,Giant (1956 film),Giant (1956) poster.jpg,https://upload.wikimedia.org/wikipedia/commons/thumb/8/8a/Giant_%281956%29_poster.jpg/250px-Giant_%281956%29_poster.jpg,https://upload.wikimedia.org/wikipedia/commons/thumb/8/8a/Giant_%281956%29_poster.jpg/250px-Giant_%281956%29_poster.jpg,https://en.wikipedia.org/wiki/Giant_%281956_film%29,https://en.wikipedia.org/wiki/File:Giant_%281956%29_poster.jpg,covers/1957_3_giant.jpg,2026-05-21T13:51:34,ok,,2026-05-25T15:00:07,Giant (1956 film),Giant (1956 film),https://en.wikipedia.org/wiki/Giant_(1956_film),George Stevens,"Plain list, George Stevens Henry Ginsberg","Plain list, Fred Guiol Ivan Moffat",Giant 1952 novel (Edna Ferber),"Plain list, Elizabeth Taylor Rock Hudson James Dean Carroll Baker Jane Withers Chill Wills Mercedes McCambridge Sal Mineo Dennis Hopper Elsa Cárdenas Earl Holliman",Dimitri Tiomkin,William C. Mellor,"Plain list, William Hornbeck Philip W. Anderson Fred Bohanan",,1956-10-10 (Roxy Theatre (New York City)) (New York City); 1956-11-24 (United States),201 minutes,United States,English,$5.4 million,$39 million,,,https://www.imdb.com/title/tt0049261/,,,,https://www.rottentomatoes.com/m/giant,"Webarchive template wayback links | 1956 films | Articles needing additional references from December 2025 | Articles containing potentially dated statements from October 2024 | Rotten Tomatoes ID same as Wikidata | Rotten Tomatoes template using name parameter | 1956 drama films | American drama films | American epic films | Films scored by Dimitri Tiomkin | Films about farmers | Films about race and ethnicity | Films based on American novels | Films directed by George Stevens | Films set in country houses | Films set on farms | Films set in Texas | Petroleum in Texas | Films about petroleum | Films set in the 1920s | Films set in the 1930s | Films set in the 1940s | Films shot in Texas | Films whose director won the Best Directing Academy Award | United States National Film Registry films | Warner Bros. films | Films based on works by Edna Ferber | Marfa, Texas | 1956 English-language films | 1956 American films | English-language drama films | 1950s epic films | Articles containing video clips"
1957,4,Pal Joey,Columbia Pictures,6700000,"$6,700,000",https://en.wikipedia.org/wiki/Pal_Joey_(film),https://en.wikipedia.org/wiki/List_of_1957_box_office_number-one_films_in_the_United_States,Highest-grossing films of 1957,ok,Pal Joey (film),Poster - Pal Joey 01.jpg,https://upload.wikimedia.org/wikipedia/en/f/f8/Poster_-_Pal_Joey_01.jpg,https://upload.wikimedia.org/wikipedia/en/f/f8/Poster_-_Pal_Joey_01.jpg,https://en.wikipedia.org/wiki/Pal_Joey_%28film%29,https://en.wikipedia.org/wiki/File:Poster_-_Pal_Joey_01.jpg,covers/1957_4_pal_joey.jpg,2026-05-21T13:51:34,ok,,2026-05-25T14:50:18,Pal Joey (film),Pal Joey (film),https://en.wikipedia.org/wiki/Pal_Joey_(film),George Sidney,Fred Kohlmar,Dorothy Kingsley,"Pal Joey (musical) (Pal Joey 1940 play Pal Joey (novel), Pal Joey 1940 novel, John O'Hara)",Rita Hayworth Frank Sinatra Kim Novak,,Harold Lipstein,Viola Lawrence Jerome Thoms,Essex Productions George Sidney Productions,1957-10-25 (United States),109 minutes,United States,English,$3 million,$7 million (rentals),,,https://www.imdb.com/title/tt0050815/,,,,https://www.rottentomatoes.com/m/pal_joey,1957 films | Album chart usages for UK2 | Album chart called without artist | Album chart called without album | 1957 musical comedy films | American musical comedy films | Columbia Pictures films | Films based on American novels | Films based on musicals by Rodgers and Hart | Films directed by George Sidney | Films featuring a Best Musical or Comedy Actor Golden Globe winning performance | Films set in San Francisco | Films shot in San Francisco | 1957 English-language films | 1957 American films | English-language musical comedy films
1957,5,Seven Wonders of the World,Cinerama Releasing Corporation,6500000,"$6,500,000",https://en.wikipedia.org/wiki/Seven_Wonders_of_the_World_(film),https://en.wikipedia.org/wiki/List_of_1957_box_office_number-one_films_in_the_United_States,Highest-grossing films of 1957,manual_import,Seven Wonders of the World (film),Seven Wonders of the World (film).jpg,https://upload.wikimedia.org/wikipedia/en/thumb/c/ca/Seven_Wonders_of_the_World_%28film%29.jpg/250px-Seven_Wonders_of_the_World_%28film%29.jpg,https://upload.wikimedia.org/wikipedia/en/thumb/c/ca/Seven_Wonders_of_the_World_%28film%29.jpg/250px-Seven_Wonders_of_the_World_%28film%29.jpg,https://en.wikipedia.org/wiki/Seven_Wonders_of_the_World_%28film%29,https://en.wikipedia.org/wiki/File:Seven_Wonders_of_the_World_%28film%29.jpg,covers/1957_5_seven_wonders_of_the_world.jpg,2026-05-21T13:54:25,ok,,2026-05-25T14:50:18,Seven Wonders of the World (film),Seven Wonders of the World (film),https://en.wikipedia.org/wiki/Seven_Wonders_of_the_World_(film),Tay Garnett Paul Mantz Andrew Marton Ted Tetzlaff Walter Thompson,Merian C. Cooper Lowell Thomas,Prosper Buranelli W. P. Lipscomb,,Lowell Thomas Paul Mantz,Jerome Moross Emil Newman David Raksin Sol Kaplan (uncredited),Harry Squire,Harvey Manger Jack Murray,,1956-04-10,106 minutes,United States,English,,$32.1 million (US/Canada),,,https://www.imdb.com/title/tt0049744/,,,,,1956 films | Webarchive template wayback links | 1956 documentary films | American documentary films | Cinerama | 1956 English-language films | English-language documentary films | Films directed by Andrew Marton | Films directed by Tay Garnett | Films directed by Ted Tetzlaff | Films scored by David Raksin | Films scored by Emil Newman | Films scored by Jerome Moross | Films scored by Sol Kaplan | Documentary films about India | Films shot in India | Films shot in Agra | Films shot in Darjeeling | Films shot in Delhi | Films shot in Varanasi | 1956 American films | All stub articles | American documentary film stubs
1957,6,The Teahouse of the August Moon,Loew's Inc.,5600000,"$5,600,000",https://en.wikipedia.org/wiki/The_Teahouse_of_the_August_Moon_(film),https://en.wikipedia.org/wiki/List_of_1957_box_office_number-one_films_in_the_United_States,Highest-grossing films of 1957,ok,The Teahouse of the August Moon (film),Teahouse movieposter.jpg,https://upload.wikimedia.org/wikipedia/en/thumb/8/83/Teahouse_movieposter.jpg/250px-Teahouse_movieposter.jpg,https://upload.wikimedia.org/wikipedia/en/thumb/8/83/Teahouse_movieposter.jpg/250px-Teahouse_movieposter.jpg,https://en.wikipedia.org/wiki/The_Teahouse_of_the_August_Moon_%28film%29,https://en.wikipedia.org/wiki/File:Teahouse_movieposter.jpg,covers/1957_6_the_teahouse_of_the_august_moon.jpg,2026-05-21T13:51:34,ok,,2026-05-25T14:50:18,The Teahouse of the August Moon (film),The Teahouse of the August Moon (film),https://en.wikipedia.org/wiki/The_Teahouse_of_the_August_Moon_(film),Daniel Mann,Jack Cummings,John Patrick,"The Teahouse of the August Moon (play) (The Teahouse of the August Moon (1953 play), John Patrick) The Teahouse of the August Moon (novel) (The Teahouse of the August Moon (1951 novel), Vern Sneider, Vern J. Sneider)",Marlon Brando Glenn Ford Machiko Kyō Eddie Albert,Saul Chaplin,John Alton Russell Harlan,Harold F. Kress,Metro-Goldwyn-Mayer,1956-11-20 (Los Angeles premiere); 1956-11-29 (US),123 minutes,United States,English Japanese,"$3,926,000","$8,925,000",,,https://www.imdb.com/title/tt0049830/awards,,,,https://www.rottentomatoes.com/m/the_teahouse_of_the_august_moon,1956 films | Rotten Tomatoes ID same as Wikidata | 1956 comedy films | American CinemaScope films | American comedy films | American satirical films | Films about geisha | Films based on American novels | American films based on plays | Films directed by Daniel Mann | Films set in 1945 | Films set in Okinawa Prefecture | Films shot in Japan | Japan in non-Japanese culture | Metro-Goldwyn-Mayer films | Occupied Japan | Okinawa under United States occupation | Films based on adaptations | 1956 English-language films | 1956 American films | Whitewashing in film | English-language comedy films
1957,7,The Pride and the Passion,United Artists,5500000,"$5,500,000",https://en.wikipedia.org/wiki/The_Pride_and_the_Passion,https://en.wikipedia.org/wiki/List_of_1957_box_office_number-one_films_in_the_United_States,Highest-grossing films of 1957,ok,The Pride and the Passion,The Pride and the Passion - Poster.jpg,https://upload.wikimedia.org/wikipedia/en/thumb/9/9e/The_Pride_and_the_Passion_-_Poster.jpg/250px-The_Pride_and_the_Passion_-_Poster.jpg,https://upload.wikimedia.org/wikipedia/en/thumb/9/9e/The_Pride_and_the_Passion_-_Poster.jpg/250px-The_Pride_and_the_Passion_-_Poster.jpg,https://en.wikipedia.org/wiki/The_Pride_and_the_Passion,https://en.wikipedia.org/wiki/File:The_Pride_and_the_Passion_-_Poster.jpg,covers/1957_7_the_pride_and_the_passion.jpg,2026-05-21T13:51:34,ok,,2026-05-25T14:50:18,The Pride and the Passion,The Pride and the Passion,https://en.wikipedia.org/wiki/The_Pride_and_the_Passion,Stanley Kramer,Stanley Kramer,Edna Anhalt Edward Anhalt,"The Gun (novel) (The Gun 1933 novel, C.S. Forester)","Cary Grant, Frank Sinatra, Sophia Loren",George Antheil,Franz Planer,Frederic Knudtson Ellsworth Hoagland,Stanley Kramer Pictures,1957-07-10 (U.S.); 1957-12-19 (Sweden); 1957-12-20 (Finland); 1959-02-02,132 minutes,United States,English,$3.7 million,$3.5 million (US rentals),,,https://www.imdb.com/title/tt0050858/,,,,https://www.rottentomatoes.com/m/pride_and_the_passion,1957 films | Articles needing additional references from May 2009 | 1950s war drama films | 1957 drama films | American war drama films | 1957 English-language films | Peninsular War films | Films based on British novels | Films set in the 1810s | Films set in Spain | Films shot in Madrid | United Artists films | Films produced by Stanley Kramer | Films directed by Stanley Kramer | Films scored by George Antheil | Films adapted into comics | Films shot in the Province of Ávila | Films with screenplays by Edward Anhalt | Films with screenplays by Edna Anhalt | Films based on works by C. S. Forester | Guerrilla warfare in film | 1957 American films | English-language war drama films | VistaVision films
1957,8,Anastasia,20th Century Fox,5000000,"$5,000,000",https://en.wikipedia.org/wiki/Anastasia_(1956_film),https://en.wikipedia.org/wiki/List_of_1957_box_office_number-one_films_in_the_United_States,Highest-grossing films of 1957,ok,Anastasia (1956 film),Anastasia322.jpg,https://upload.wikimedia.org/wikipedia/en/thumb/1/1e/Anastasia322.jpg/250px-Anastasia322.jpg,https://upload.wikimedia.org/wikipedia/en/thumb/1/1e/Anastasia322.jpg/250px-Anastasia322.jpg,https://en.wikipedia.org/wiki/Anastasia_%281956_film%29,https://en.wikipedia.org/wiki/File:Anastasia322.jpg,covers/1957_8_anastasia.jpg,2026-05-21T13:51:34,ok,,2026-05-25T14:50:18,Anastasia (1956 film),Anastasia (1956 film),https://en.wikipedia.org/wiki/Anastasia_(1956_film),Anatole Litvak,Buddy Adler,Arthur Laurents,"Anastasia (play) (Anastasia (1952 play), Marcelle Maurette)",Ingrid Bergman Yul Brynner Helen Hayes,Alfred Newman,Jack Hildyard,Bert Bates,,1956-12-13,105 minutes,United Kingdom United States,English French,$3.52 million,$4.3 million (US and Canada rentals),,,https://www.imdb.com/title/tt0048947/,,,,https://www.rottentomatoes.com/m/1031763-anastasia,Articles needing additional references from January 2013 | 1956 films | Rotten Tomatoes ID same as Wikidata | Rotten Tomatoes template using name parameter | 1956 drama films | 20th Century Fox films | American drama films | 1956 English-language films | American films based on plays | Depictions of Grand Duchess Anastasia Nikolaevna of Russia on film | Films about amnesia | Films directed by Anatole Litvak | Films featuring a Best Actress Academy Award–winning performance | Films featuring a Best Drama Actress Golden Globe–winning performance | Films scored by Alfred Newman | Films set in Copenhagen | Films set in France | Films set in 1928 | Films set in the 20th-century Russian Empire | American CinemaScope films | Films shot at MGM-British Studios | Films with screenplays by Arthur Laurents | 1956 American films | Films shot in Paris | Films shot in Copenhagen | Films shot in Hertfordshire | English-language drama films
1957,9,Island in the Sun,20th Century-Fox,4500000,"$4,500,000",https://en.wikipedia.org/wiki/Island_in_the_Sun_(film),https://en.wikipedia.org/wiki/List_of_1957_box_office_number-one_films_in_the_United_States,Highest-grossing films of 1957,ok,Island in the Sun (film),Island in the Sun 1957.jpg,https://upload.wikimedia.org/wikipedia/en/thumb/8/86/Island_in_the_Sun_1957.jpg/250px-Island_in_the_Sun_1957.jpg,https://upload.wikimedia.org/wikipedia/en/thumb/8/86/Island_in_the_Sun_1957.jpg/250px-Island_in_the_Sun_1957.jpg,https://en.wikipedia.org/wiki/Island_in_the_Sun_%28film%29,https://en.wikipedia.org/wiki/File:Island_in_the_Sun_1957.jpg,covers/1957_9_island_in_the_sun.jpg,2026-05-21T13:51:34,ok,,2026-05-25T14:50:18,Island in the Sun (film),Island in the Sun (film),https://en.wikipedia.org/wiki/Island_in_the_Sun_(film),Robert Rossen,Darryl F. Zanuck,Alfred Hayes,Island in the Sun (Alec Waugh),James Mason Joan Fontaine Dorothy Dandridge Joan Collins Michael Rennie Harry Belafonte,Malcolm Arnold,Freddie Young,Reginald Beck,Darryl F. Zanuck Productions,1957-06-12,119 mins,United States,English,$2.25 million or $3 million,$5 million (US and Canada rentals),,,https://www.imdb.com/title/tt0050549/,,,,,Webarchive template wayback links | 1957 films | 1957 drama films | 20th Century Fox films | American drama films | 1957 English-language films | Films about interracial romance | Films about racism | Films based on British novels | Films directed by Robert Rossen | Films produced by Darryl F. Zanuck | Films scored by Malcolm Arnold | Films set in the British Empire | Films set in the Caribbean | Films set on fictional islands | Films shot in Barbados | Films shot in Grenada | American CinemaScope films | 1957 American films | English-language drama films
1957,10,Love Me Tender,20th Century Fox,4400000,"$4,400,000",https://en.wikipedia.org/wiki/Love_Me_Tender_(1956_film),https://en.wikipedia.org/wiki/List_of_1957_box_office_number-one_films_in_the_United_States,Highest-grossing films of 1957,ok,Love Me Tender (1956 film),Love me tender423.jpg,https://upload.wikimedia.org/wikipedia/en/thumb/3/37/Love_me_tender423.jpg/250px-Love_me_tender423.jpg,https://upload.wikimedia.org/wikipedia/en/thumb/3/37/Love_me_tender423.jpg/250px-Love_me_tender423.jpg,https://en.wikipedia.org/wiki/Love_Me_Tender_%281956_film%29,https://en.wikipedia.org/wiki/File:Love_me_tender423.jpg,covers/1957_10_love_me_tender.jpg,2026-05-21T13:51:34,ok,,2026-05-25T14:50:18,Love Me Tender (1956 film),Love Me Tender (1956 film),https://en.wikipedia.org/wiki/Love_Me_Tender_(1956_film),Robert D. Webb,David Weisbart,Robert Buckner,,"Richard Egan (actor), Richard Egan Debra Paget Elvis Presley Robert Middleton William Campbell (film actor), William Campbell Neville Brand",Lionel Newman,Leo Tover,Hugh S. Fowler,,1956-11-15,89 minutes,United States,English,$1.2 million,$4.5 million (US rentals),,,https://www.imdb.com/title/tt0049452/,,,,https://www.rottentomatoes.com/m/love_me_tender,1956 films | Rotten Tomatoes ID same as Wikidata | Rotten Tomatoes template using name parameter | 20th Century Fox films | 1950s musical drama films | 1950s romantic musical films | 1950s Western (genre) musical films | American Civil War films | American musical drama films | American romantic drama films | American romantic musical films | American black-and-white films | Films directed by Robert D. Webb | Films scored by Lionel Newman | 1956 Western (genre) films | American Western (genre) musical films | 1956 drama films | American CinemaScope films | 1956 English-language films | 1956 American films | English-language romantic musical films | English-language musical drama films | English-language Western (genre) musical films | English-language romantic drama films
1958,1,The Bridge on the River Kwai,Columbia Pictures,15000000,"$15,000,000",https://en.wikipedia.org/wiki/The_Bridge_on_the_River_Kwai,https://en.wikipedia.org/wiki/List_of_1958_box_office_number-one_films_in_the_United_States,Highest-grossing films of 1958,ok,The Bridge on the River Kwai,The Bridge on the River Kwai (1958 US poster - Style A).jpg,https://upload.wikimedia.org/wikipedia/commons/thumb/d/d9/The_Bridge_on_the_River_Kwai_%281958_US_poster_-_Style_A%29.jpg/250px-The_Bridge_on_the_River_Kwai_%281958_US_poster_-_Style_A%29.jpg,https://upload.wikimedia.org/wikipedia/commons/thumb/d/d9/The_Bridge_on_the_River_Kwai_%281958_US_poster_-_Style_A%29.jpg/250px-The_Bridge_on_the_River_Kwai_%281958_US_poster_-_Style_A%29.jpg,https://en.wikipedia.org/wiki/The_Bridge_on_the_River_Kwai,https://en.wikipedia.org/wiki/File:The_Bridge_on_the_River_Kwai_%281958_US_poster_-_Style_A%29.jpg,covers/1958_1_the_bridge_on_the_river_kwai.jpg,2026-05-21T13:55:46,ok,,2026-05-25T14:50:18,The Bridge on the River Kwai,The Bridge on the River Kwai,https://en.wikipedia.org/wiki/The_Bridge_on_the_River_Kwai,David Lean,Sam Spiegel,"Carl Foreman Michael Wilson (writer), Michael Wilson",The Bridge over the River Kwai 1952 novel (Pierre Boulle),William Holden Alec Guinness Jack Hawkins Sessue Hayakawa James Donald Ann Sears Geoffrey Horne,Malcolm Arnold,Jack Hildyard,Peter Taylor,Columbia Pictures Horizon Pictures,1957-10-02 (London-premiere); 1957-10-11 (United Kingdom); 1957-12-14 (United States),161 minutes,United Kingdom United States,English Japanese,$2.8 million or $2.4 million,"$30.6 million (equivalent to $Inflation, US, 30.6, 1957, 2024 million in 2024)",,,https://www.imdb.com/title/tt0050212/,96%,105,9.4/10,https://www.rottentomatoes.com/m/bridge_on_the_river_kwai/,Webarchive template wayback links | Use dmy dates from January 2026 | 1957 films | Album articles lacking alt text for covers | Rotten Tomatoes ID same as Wikidata | 1957 English-language films | 1957 Japanese-language films | 1957 American films | 1957 British films | 1957 drama films | 1957 war films | American CinemaScope films | American epic films | American war drama films | American World War II films | Anti-war films about World War II | Best British Film BAFTA Award winners | Best Drama Picture Golden Globe winners | Best Film BAFTA Award winners | Best Picture Academy Award winners | British CinemaScope films | British epic films | British war drama films | British World War II films | Films about the Burma campaign | Burma Railway | Columbia Pictures films | English-language war films | Films about bridges | Films about identity theft | Films about the British Army | Films based on French novels | Films based on military novels | Films based on works by Pierre Boulle | Films directed by David Lean | Films featuring a Best Actor Academy Award–winning performance | Films featuring a Best Drama Actor Golden Globe winning performance | Films produced by Sam Spiegel | Films scored by Malcolm Arnold | Films set in 1943 | Films set in jungles | Films set in Kanchanaburi | Films set in Thailand | Films shot in Sri Lanka | Films that won the Best Original Score Academy Award | Films whose cinematographer won the Best Cinematography Academy Award | Films whose director won the Best Directing Academy Award | Films whose director won the Best Director Golden Globe | Films whose editor won the Best Film Editing Academy Award | Films whose writer won the Best Adapted Screenplay Academy Award | Films with screenplays by Carl Foreman | Films with screenplays by Michael Wilson (writer) | Horizon Pictures films | Films about railway accidents and incidents | Japan in non-Japanese culture | Japanese-language American films | Pacific War films | Rail transport films | United States National Film Registry films | War epic films | World War II prisoner of war films | Works about Allied prisoners of war of and internees in Japan
1958,2,Peyton Place,20th Century Fox,11000000,"$11,000,000",https://en.wikipedia.org/wiki/Peyton_Place_(film),https://en.wikipedia.org/wiki/List_of_1958_box_office_number-one_films_in_the_United_States,Highest-grossing films of 1958,ok,Peyton Place (film),Peyton Place (1957) poster.jpg,https://upload.wikimedia.org/wikipedia/commons/thumb/0/06/Peyton_Place_%281957%29_poster.jpg/250px-Peyton_Place_%281957%29_poster.jpg,https://upload.wikimedia.org/wikipedia/commons/thumb/0/06/Peyton_Place_%281957%29_poster.jpg/250px-Peyton_Place_%281957%29_poster.jpg,https://en.wikipedia.org/wiki/Peyton_Place_%28film%29,https://en.wikipedia.org/wiki/File:Peyton_Place_%281957%29_poster.jpg,covers/1958_2_peyton_place.jpg,2026-05-21T13:55:46,ok,,2026-05-25T14:50:18,Peyton Place (film),Peyton Place (film),https://en.wikipedia.org/wiki/Peyton_Place_(film),Mark Robson,Jerry Wald,John Michael Hayes,"Peyton Place (novel) (Peyton Place, Grace Metalious)","Lana Turner Hope Lange Lee Philips Lloyd Nolan Diane Varsi Arthur Kennedy Russ Tamblyn Terry Moore (actress), Terry Moore",Franz Waxman,William C. Mellor,David Bretherton,Jerry Wald Productions,"Film date, 1957, 12, 11, Camden, Maine, ref1=, 1957, 12, 12, United States, ref2=",157 minutes,United States,English,$1.8–$2.2 million,$25.6 million,,,https://www.imdb.com/title/tt0050839/,,,,,1957 films | Peyton Place | 1957 drama films | 1957 American films | 1957 English-language films | 1950s melodrama films | 20th Century Fox films | American CinemaScope films | American drama films | English-language drama films | Films about abortion in the United States | Films about adultery in the United States | Films about rape in the United States | Films about social class | Films adapted into television shows | Films based on American novels | Films directed by Mark Robson | Films produced by Jerry Wald | Films scored by Franz Waxman | Films set in the 1940s | Films set in New England | Films set on the United States home front during World War II | Films shot in Los Angeles | Films shot in Maine | Films with screenplays by John Michael Hayes
1958,3,Sayonara,Warner Bros. Pictures,10500000,"$10,500,000",https://en.wikipedia.org/wiki/Sayonara,https://en.wikipedia.org/wiki/List_of_1958_box_office_number-one_films_in_the_United_States,Highest-grossing films of 1958,ok,Sayonara,Sayonara (1957) Film Poster.jpg,https://upload.wikimedia.org/wikipedia/commons/thumb/e/e2/Sayonara_%281957%29_Film_Poster.jpg/250px-Sayonara_%281957%29_Film_Poster.jpg,https://upload.wikimedia.org/wikipedia/commons/thumb/e/e2/Sayonara_%281957%29_Film_Poster.jpg/250px-Sayonara_%281957%29_Film_Poster.jpg,https://en.wikipedia.org/wiki/Sayonara,https://en.wikipedia.org/wiki/File:Sayonara_%281957%29_Film_Poster.jpg,covers/1958_3_sayonara.jpg,2026-05-21T13:55:46,ok,,2026-05-25T14:50:18,Sayonara,Sayonara,https://en.wikipedia.org/wiki/Sayonara,Joshua Logan,William Goetz,Paul Osborn,"Sayonara (novel) (Sayonara 1954 novel, James Michener)",Marlon Brando Patricia Owens Red Buttons Ricardo Montalbán Martha Scott Miyoshi Umeki James Garner Miiko Taka,Franz Waxman,Ellsworth Fredricks,"Arthur P. Schmidt Philip W. Anderson (film editor), Philip W. Anderson",Pennebaker Productions William Goetz Productions,1957-12-05 (New York City) (New York premiere); 1957-12-25 (US),147 minutes,United States,English Japanese,$3.2 million,$26.3 million,,,https://www.imdb.com/title/tt0050933/,,,,https://www.rottentomatoes.com/m/sayonara,1957 films | Rotten Tomatoes ID same as Wikidata | Rotten Tomatoes template using name parameter | Webarchive template wayback links | American romantic drama films | 1957 romantic drama films | 1957 English-language films | Films shot in Japan | Films set in Japan | Korean War films | Films featuring a Best Supporting Actor Academy Award–winning performance | Films featuring a Best Supporting Actor Golden Globe winning performance | Films featuring a Best Supporting Actress Academy Award–winning performance | Films that won the Best Sound Mixing Academy Award | Films whose production designer won the Best Production Design Academy Award | Films directed by Joshua Logan | Warner Bros. films | Films about interracial romance | American aviation films | Films about racism | Films based on works by James A. Michener | Films based on American novels | Japan in non-Japanese culture | Japanese-language American films | 1957 American films | Takarazuka Revue | Whitewashing in film | English-language romantic drama films | Films scored by Franz Waxman
1958,4,No Time for Sergeants,Warner Bros. Pictures,7200000,"$7,200,000",https://en.wikipedia.org/wiki/No_Time_for_Sergeants_(1958_film),https://en.wikipedia.org/wiki/List_of_1958_box_office_number-one_films_in_the_United_States,Highest-grossing films of 1958,ok,No Time for Sergeants (film),No time for seargents - movie poster.png,https://upload.wikimedia.org/wikipedia/en/2/22/No_time_for_seargents_-_movie_poster.png,https://upload.wikimedia.org/wikipedia/en/2/22/No_time_for_seargents_-_movie_poster.png,https://en.wikipedia.org/wiki/No_Time_for_Sergeants_%281958_film%29,https://en.wikipedia.org/wiki/File:No_time_for_seargents_-_movie_poster.png,covers/1958_4_no_time_for_sergeants.jpg,2026-05-21T13:55:46,ok,,2026-05-25T15:00:08,No Time for Sergeants (film),No Time for Sergeants (film),https://en.wikipedia.org/wiki/No_Time_for_Sergeants_(1958_film),Mervyn LeRoy,Mervyn LeRoy Alex Segal,John Lee Mahin,No Time for Sergeants 1954 novel (Mac Hyman) No Time for Sergeants 1955 play (Ira Levin),Andy Griffith Myron McCormick Nick Adams Murray Hamilton,Ray Heindorf,Harold Rosson,William H. Ziegler,,1958-05-29,119 minutes,United States,English,,$7.5 million (US and Canada rentals),,,https://www.imdb.com/title/tt0052005/,,,,,1958 films | 1958 comedy films | American comedy films | American aviation films | American black-and-white films | Films based on American novels | American films based on plays | Films based on works by Ira Levin | Films directed by Mervyn LeRoy | Military comedy films | Films about the United States Air Force | Warner Bros. films | Films based on adaptations | Films adapted into comics | 1958 English-language films | 1958 American films | English-language comedy films | Films scored by Ray Heindorf
1958,5,The Vikings,United Artists,7000000,"$7,000,000",https://en.wikipedia.org/wiki/The_Vikings_(film),https://en.wikipedia.org/wiki/List_of_1958_box_office_number-one_films_in_the_United_States,Highest-grossing films of 1958,ok,The Vikings (film),Vikings moviep.jpg,https://upload.wikimedia.org/wikipedia/commons/thumb/3/37/Vikings_moviep.jpg/250px-Vikings_moviep.jpg,https://upload.wikimedia.org/wikipedia/commons/thumb/3/37/Vikings_moviep.jpg/250px-Vikings_moviep.jpg,https://en.wikipedia.org/wiki/The_Vikings_%28film%29,https://en.wikipedia.org/wiki/File:Vikings_moviep.jpg,covers/1958_5_the_vikings.jpg,2026-05-21T13:55:46,ok,,2026-05-25T15:00:10,The Vikings (film),The Vikings (film),https://en.wikipedia.org/wiki/The_Vikings_(film),Richard Fleischer,Jerry Bresler,Calder Willingham Dale Wasserman (adaptation),The Viking 1951 novel (Edison Marshall),Kirk Douglas Tony Curtis Ernest Borgnine Janet Leigh James Donald Alexander Knox,Mario Nascimbene,Jack Cardiff,Elmo Williams,,"Film date, 1958, 6, 11, New York, ref1=",116 minutes,United States,English,$3.5 million,~$15 million and $7 million overseas rentals),,,https://www.imdb.com/title/tt0052365/,,,,https://www.rottentomatoes.com/m/vikings,1958 films | 1958 action films | 1950s historical action films | 1950s historical adventure films | 1950s adventure drama films | American adventure drama films | American epic films | American films about revenge | American historical adventure films | American swashbuckler films | 1950s swashbuckler films | Bryna Productions films | Cultural depictions of Ragnar Lodbrok | Curtleigh Productions films | 1958 English-language films | Fictional Vikings | Films adapted into comics | Films based on American novels | Films based on European myths and legends | Works based on sagas | Films directed by Richard Fleischer | Films produced by Kirk Douglas | Films produced by Tony Curtis | Films scored by Mario Nascimbene | Films set in Northumberland | Films set in Norway | Films set in the 9th century | Films set in the Viking Age | Films shot in France | Films shot in Germany | Films shot in Norway | Fiction about fratricide | 1958 American films | Films about siblicide | English-language historical action films | English-language historical adventure films | English-language adventure drama films | United Artists films
1958,6,Search for Paradise,Cinerama Releasing Corp.,6500000,"$6,500,000",https://en.wikipedia.org/wiki/Search_for_Paradise,https://en.wikipedia.org/wiki/List_of_1958_box_office_number-one_films_in_the_United_States,Highest-grossing films of 1958,ok,Search for Paradise,Search for Paradise poster.jpg,https://upload.wikimedia.org/wikipedia/en/thumb/b/bd/Search_for_Paradise_poster.jpg/250px-Search_for_Paradise_poster.jpg,https://upload.wikimedia.org/wikipedia/en/thumb/b/bd/Search_for_Paradise_poster.jpg/250px-Search_for_Paradise_poster.jpg,https://en.wikipedia.org/wiki/Search_for_Paradise,https://en.wikipedia.org/wiki/File:Search_for_Paradise_poster.jpg,covers/1958_6_search_for_paradise.jpg,2026-05-21T13:55:46,ok,,2026-05-25T15:00:11,Search for Paradise,Search for Paradise,https://en.wikipedia.org/wiki/Search_for_Paradise,Otto Lang,Lowell Thomas,,,,Dimitri Tiomkin,,,,1957-09-24,120 minutes,United States,English,,$6.5 million (est. US/ Canada rentals),,,https://www.imdb.com/title/tt0050945/,,,,,1957 films | 1957 documentary films | 1957 English-language films | 1957 American films | English-language documentary films | American documentary films | All stub articles | American documentary film stubs
1958,7,South Pacific,Magna 20th Century-Fox,6400000,"$6,400,000",https://en.wikipedia.org/wiki/South_Pacific_(1958_film),https://en.wikipedia.org/wiki/List_of_1958_box_office_number-one_films_in_the_United_States,Highest-grossing films of 1958,ok,South Pacific (1958 film),Poster of the movie South Pacific.jpg,https://upload.wikimedia.org/wikipedia/en/thumb/5/57/Poster_of_the_movie_South_Pacific.jpg/250px-Poster_of_the_movie_South_Pacific.jpg,https://upload.wikimedia.org/wikipedia/en/thumb/5/57/Poster_of_the_movie_South_Pacific.jpg/250px-Poster_of_the_movie_South_Pacific.jpg,https://en.wikipedia.org/wiki/South_Pacific_%281958_film%29,https://en.wikipedia.org/wiki/File:Poster_of_the_movie_South_Pacific.jpg,covers/1958_7_south_pacific.jpg,2026-05-21T13:55:46,ok,,2026-05-25T15:00:12,South Pacific (1958 film),South Pacific (1958 film),https://en.wikipedia.org/wiki/South_Pacific_(1958_film),Joshua Logan,Buddy Adler,Paul Osborn,"South Pacific (musical) (South Pacific 1949 musical, Oscar Hammerstein II Joshua Logan) Tales of the South Pacific 1947 story (James A. Michener)","Rossano Brazzi Mitzi Gaynor John Kerr (actor), John Kerr France Nuyen Ray Walston Juanita Hall",Richard Rodgers,Leon Shamroy,Robert L. Simpson,South Pacific Enterprises,1958-03-19,157 minutes (Theatrical Version) 172 minutes (Roadshow Version),United States,English,$5.61 million,$17.5 million (rentals),,,https://www.imdb.com/title/tt0052225/,,,,https://www.rottentomatoes.com/m/south_pacific,1958 films | Rotten Tomatoes ID same as Wikidata | 1958 romantic drama films | 1950s musical drama films | Films set in 1943 | American musical drama films | American romantic drama films | American romantic musical films | 1958 English-language films | 1958 French-language films | Films directed by Joshua Logan | Films scored by Alfred Newman | Films scored by Ken Darby | Films about race and ethnicity | Films based on short fiction | Films set in Oceania | Films that won the Best Sound Mixing Academy Award | Films about interracial romance | Pacific War films | Films about the United States Navy in World War II | Films about the United States Marine Corps | Films about American military personnel | 20th Century Fox films | Films based on musicals by Rodgers and Hammerstein | Films set on islands | Films set on beaches | Films based on works by James A. Michener | Films based on adaptations | South Pacific (musical) | 1958 American films | English-language romantic drama films | English-language musical drama films
1958,8,Cat on a Hot Tin Roof,Metro-Goldwyn-Mayer,6100000,"$6,100,000",https://en.wikipedia.org/wiki/Cat_on_a_Hot_Tin_Roof_(film),https://en.wikipedia.org/wiki/List_of_1958_box_office_number-one_films_in_the_United_States,Highest-grossing films of 1958,ok,Cat on a Hot Tin Roof (1958 film),Cat roof.jpg,https://upload.wikimedia.org/wikipedia/commons/thumb/5/51/Cat_roof.jpg/250px-Cat_roof.jpg,https://upload.wikimedia.org/wikipedia/commons/thumb/5/51/Cat_roof.jpg/250px-Cat_roof.jpg,https://en.wikipedia.org/wiki/Cat_on_a_Hot_Tin_Roof_%28film%29,https://en.wikipedia.org/wiki/File:Cat_roof.jpg,covers/1958_8_cat_on_a_hot_tin_roof.jpg,2026-05-21T13:55:46,ok,,2026-05-25T15:01:17,Cat on a Hot Tin Roof (1958 film),Cat on a Hot Tin Roof (1958 film),https://en.wikipedia.org/wiki/Cat_on_a_Hot_Tin_Roof_(film),Richard Brooks,Lawrence Weingarten,Richard Brooks James Poe,Cat on a Hot Tin Roof 1955 play (Tennessee Williams),Elizabeth Taylor Paul Newman Burl Ives Jack Carson Judith Anderson,Charles Wolcott (uncredited),William Daniels,Ferris Webster,Avon Productions,1958-08-23 (Boston); 1958-08-27 (United States),108 minutes,United States,English,$2.3 million,$11.2 million,,,https://www.imdb.com/title/tt0051459/,,,,https://www.rottentomatoes.com/m/cat_on_a_hot_tin_roof_1958,Wikipedia introduction cleanup from September 2025 | All pages needing cleanup | Articles covered by WikiProject Wikify from September 2025 | 1958 films | 1958 drama films | 1958 American films | 1958 English-language films | American drama films | American films based on plays | Articles containing video clips | Films about alcoholism | Films about cancer in the United States | Films about dysfunctional families | Films about father–son relationships | Films about grief | Films about marriage | Films based on works by Tennessee Williams | Films directed by Richard Brooks | Films set in Mississippi | Films with screenplays by James Poe | Films with screenplays by Richard Brooks | Metro-Goldwyn-Mayer films | Southern Gothic films | Films scored by Charles Wolcott | English-language drama films
1958,9,Old Yeller,Buena Vista Distribution,5900000,"$5,900,000",https://en.wikipedia.org/wiki/Old_Yeller_(film),https://en.wikipedia.org/wiki/List_of_1958_box_office_number-one_films_in_the_United_States,Highest-grossing films of 1958,ok,Old Yeller (film),Old Yeller (1957 film poster).jpg,https://upload.wikimedia.org/wikipedia/commons/thumb/9/9b/Old_Yeller_%281957_film_poster%29.jpg/250px-Old_Yeller_%281957_film_poster%29.jpg,https://upload.wikimedia.org/wikipedia/commons/thumb/9/9b/Old_Yeller_%281957_film_poster%29.jpg/250px-Old_Yeller_%281957_film_poster%29.jpg,https://en.wikipedia.org/wiki/Old_Yeller_%28film%29,https://en.wikipedia.org/wiki/File:Old_Yeller_%281957_film_poster%29.jpg,covers/1958_9_old_yeller.jpg,2026-05-21T13:55:46,ok,,2026-05-25T15:01:19,Old Yeller (film),Old Yeller (film),https://en.wikipedia.org/wiki/Old_Yeller_(film),Robert Stevenson,Walt Disney,"Fred Gipson William Tunberg (screenwriter), William Tunberg",Old Yeller (Fred Gipson),Dorothy McGuire Fess Parker Jeff York Tommy Kirk Kevin Corcoran Beverly Washburn Chuck Connors,Oliver Wallace Will Schaefer,Charles P. Boyle,Stanley E. Johnson,Walt Disney Productions,1957-12-25,84 minutes,United States,English,,$6.25 million (U.S./Canada rentals),,,https://www.imdb.com/title/tt0050798/,100%,22,,https://www.rottentomatoes.com/m/old_yeller/,1957 films | Articles lacking reliable references from February 2025 | 1957 American films | 1957 children's films | 1957 English-language films | 1957 drama films | 1957 Western (genre) films | American adventure drama films | American children's drama films | American coming-of-age films | American Western (genre) films | Animal adventure films | English-language Western (genre) films | Films about dogs | Films about euthanasia | Films about hunting | Films about pets | Films about rabies | Films adapted into comics | Films based on American novels | Films based on children's books | Films directed by Robert Stevenson | Films produced by Bill Anderson (producer) | Films produced by Walt Disney | Films scored by Oliver Wallace | Films set in Texas | Films set in the 1860s | Films set in the American frontier | Films set on farms | Old Yeller | United States National Film Registry films | Walt Disney Pictures films
1958,10,Raintree County,Metro-Goldwyn-Mayer,5800000,"$5,800,000",https://en.wikipedia.org/wiki/Raintree_County_(film),https://en.wikipedia.org/wiki/List_of_1958_box_office_number-one_films_in_the_United_States,Highest-grossing films of 1958,ok,Raintree County (film),Raintree movieposter.jpg,https://upload.wikimedia.org/wikipedia/en/thumb/e/e0/Raintree_movieposter.jpg/250px-Raintree_movieposter.jpg,https://upload.wikimedia.org/wikipedia/en/thumb/e/e0/Raintree_movieposter.jpg/250px-Raintree_movieposter.jpg,https://en.wikipedia.org/wiki/Raintree_County_%28film%29,https://en.wikipedia.org/wiki/File:Raintree_movieposter.jpg,covers/1958_10_raintree_county.jpg,2026-05-21T13:55:46,ok,,2026-05-25T15:01:22,Raintree County (film),Raintree County (film),https://en.wikipedia.org/wiki/Raintree_County_(film),Edward Dmytryk,David Lewis,Millard Kaufman,"Raintree County (novel) (Raintree County, Ross Lockridge Jr.)",Montgomery Clift Elizabeth Taylor Eva Marie Saint Nigel Patrick Lee Marvin Rod Taylor Agnes Moorehead Walter Abel Jarma Lewis Tom Drake,Johnny Green,Robert Surtees,John Dunning,,1957-10-02,"186 minutes (Santa Barbara, California, Santa Barbara preview & Louisville, Kentucky, Louisville premiere) 182 minutes (Roadshow theatrical release, Roadshow release) 172 minutes (restored roadshow VHS) 159 - 165 minutes (Wide release, general release and DVD’s)",United States,English,"$5,474,000","$9,080,000",,,https://www.imdb.com/title/tt0050882/,10%,10,5.20/10,http://www.rottentomatoes.com/m/raintree_county/,"1957 films | 1950s historical drama films | American Civil War films | American historical drama films | Films set in 1859 | Films set in the Antebellum South | Films set in Georgia (U.S. state) | Films set in Indiana | Southern Gothic films | Films directed by Edward Dmytryk | Films scored by Johnny Green | Metro-Goldwyn-Mayer films | 1957 English-language films | Films shot in Kentucky | Films shot in Mississippi | Films shot in Tennessee | Danville, Kentucky | Frankfort, Kentucky | 1957 American films | English-language historical drama films"
1959,1,Auntie Mame,Warner Bros. Pictures,8800000,"$8,800,000",https://en.wikipedia.org/wiki/Auntie_Mame_(film),https://en.wikipedia.org/wiki/List_of_1959_box_office_number-one_films_in_the_United_States,Highest-grossing films of 1959,ok,Auntie Mame (film),Auntie Mame Poster.jpg,https://upload.wikimedia.org/wikipedia/en/3/3b/Auntie_Mame_Poster.jpg,https://upload.wikimedia.org/wikipedia/en/3/3b/Auntie_Mame_Poster.jpg,https://en.wikipedia.org/wiki/Auntie_Mame_%28film%29,https://en.wikipedia.org/wiki/File:Auntie_Mame_Poster.jpg,covers/1959_1_auntie_mame.jpg,2026-05-21T13:56:31,ok,,2026-05-25T14:50:18,Auntie Mame (film),Auntie Mame (film),https://en.wikipedia.org/wiki/Auntie_Mame_(film),Morton DaCosta,Morton DaCosta,"Betty Comden, Adolph Green","Auntie Mame 1955 novel (Patrick Dennis) Auntie Mame (play) (Auntie Mame 1956 play, Jerome Lawrence, Robert Edwin Lee)",Rosalind Russell Forrest Tucker Coral Browne Roger Smith Peggy Cass Jan Handzlik Joanna Barnes Robin Hughes Pippa Scott,Bronislau Kaper,Harry Stradling,William H. Ziegler,,"Film date, 1958, 12, 4, Radio City Music Hall, ref1=, 1958, 12, 27, US",143 minutes,United States,English,,$23.3 million,,,https://www.imdb.com/title/tt0051383/,,,,https://www.rottentomatoes.com/m/auntie_mame,1958 films | Rotten Tomatoes ID same as Wikidata | Rotten Tomatoes template using name parameter | 1958 American films | 1958 English-language films | 1958 comedy-drama films | 1958 directorial debut films | American comedy-drama films | American films based on plays | Best Musical or Comedy Picture Golden Globe winners | English-language comedy-drama films | Films about orphans | Films based on adaptations | Films based on American novels | Films directed by Morton DaCosta | Films featuring a Best Musical or Comedy Actress Golden Globe winning performance | Films scored by Bronisław Kaper | Films set in Connecticut | Films set in Georgia (U.S. state) | Films set in New York City | Films set in the 1920s | Films set in the 1930s | Films set in the 1940s | Films with screenplays by Betty Comden and Adolph Green | Mame | Warner Bros. films
1959,2,The Shaggy Dog,Buena Vista Distribution,7800000,"$7,800,000",https://en.wikipedia.org/wiki/The_Shaggy_Dog_(1959_film),https://en.wikipedia.org/wiki/List_of_1959_box_office_number-one_films_in_the_United_States,Highest-grossing films of 1959,ok,The Shaggy Dog (1959 film),The Shaggy Dog - 1963 - Poster.png,https://upload.wikimedia.org/wikipedia/en/thumb/7/71/The_Shaggy_Dog_-_1963_-_Poster.png/250px-The_Shaggy_Dog_-_1963_-_Poster.png,https://upload.wikimedia.org/wikipedia/en/thumb/7/71/The_Shaggy_Dog_-_1963_-_Poster.png/250px-The_Shaggy_Dog_-_1963_-_Poster.png,https://en.wikipedia.org/wiki/The_Shaggy_Dog_%281959_film%29,https://en.wikipedia.org/wiki/File:The_Shaggy_Dog_-_1963_-_Poster.png,covers/1959_2_the_shaggy_dog.jpg,2026-05-21T13:56:31,ok,,2026-05-25T14:50:18,The Shaggy Dog (1959 film),The Shaggy Dog (1959 film),https://en.wikipedia.org/wiki/The_Shaggy_Dog_(1959_film),Charles Barton,Walt Disney Bill Walsh,Lillie Hayward Bill Walsh,"basedon, The Hound of Florence, Felix Salten",Fred MacMurray Jean Hagen Tommy Kirk Annette Funicello Cecil Kellaway Alexander Scourby James Westerfield Jacques Aubuchon,Paul J. Smith,Edward Colman,James Ballas,Walt Disney Productions,1959-03-19,104 minutes,United States,English,"under $1 million or $1,250,000",$12.3 million (US and Canada rentals),,,https://www.imdb.com/title/tt0053271/,,,,https://www.rottentomatoes.com/m/1018702-shaggy_dog,1959 films | 1950s fantasy comedy films | 1959 children's films | American black-and-white films | American fantasy comedy films | Anthropomorphic dogs | Films set in Massachusetts | 1950s children's fantasy films | 1959 English-language films | Films scored by Paul Smith (composer) | Films adapted into comics | Films about shapeshifting | Films based on Austrian novels | Films directed by Charles Barton | The Shaggy Dog films | Walt Disney Pictures films | 1959 comedy films | Films about father–son relationships | 1959 American films | English-language fantasy comedy films | Films with screenplays by Bill Walsh (producer) | 1959 fantasy films
1959,3,Some Like It Hot,United Artists,7000000,"$7,000,000",https://en.wikipedia.org/wiki/Some_Like_It_Hot,https://en.wikipedia.org/wiki/List_of_1959_box_office_number-one_films_in_the_United_States,Highest-grossing films of 1959,ok,Some Like It Hot,Some Like It Hot (1959 poster).png,https://upload.wikimedia.org/wikipedia/commons/thumb/b/b8/Some_Like_It_Hot_%281959_poster%29.png/250px-Some_Like_It_Hot_%281959_poster%29.png,https://upload.wikimedia.org/wikipedia/commons/thumb/b/b8/Some_Like_It_Hot_%281959_poster%29.png/250px-Some_Like_It_Hot_%281959_poster%29.png,https://en.wikipedia.org/wiki/Some_Like_It_Hot,https://en.wikipedia.org/wiki/File:Some_Like_It_Hot_%281959_poster%29.png,covers/1959_3_some_like_it_hot.jpg,2026-05-21T13:56:31,ok,,2026-05-25T14:50:18,Some Like It Hot,Some Like It Hot,https://en.wikipedia.org/wiki/Some_Like_It_Hot,Billy Wilder,Billy Wilder,"Billy Wilder, I. A. L. Diamond",Fanfare of Love 1935 film (Max Bronnet Michael Logan Pierre Prévert René Pujol Robert Thoeren),"Marilyn Monroe, Tony Curtis, Jack Lemmon, George Raft, Pat O'Brien (actor), Pat O'Brien, Joe E. Brown",Adolph Deutsch,Charles Lang,Arthur P. Schmidt,Mirisch Company,1959-03-19,121 minutes,United States,English,$2.9 million,$25 million (North America),,,https://www.imdb.com/title/tt0045886/,,,,http://www.rottentomatoes.com/m/some_like_it_hot,Webarchive template wayback links | 1959 films | Album articles lacking alt text for covers | Pages using Sister project links with hidden wikidata | Rotten Tomatoes ID same as Wikidata | American gangster films | Mafia comedy films | 1959 American films | 1950s buddy comedy films | 1950s crime comedy films | 1959 English-language films | 1950s screwball comedy films | 1950s sex comedy films | 1959 crime films | American black-and-white films | American buddy comedy films | American remakes of French films | American screwball comedy films | American sex comedy films | Best Musical or Comedy Picture Golden Globe winners | Cross-dressing in American films | Cultural depictions of the Mafia | American drag (entertainment)-related films | English-language buddy comedy films | English-language crime comedy films | English-language sex comedy films | Films about the American Mafia | Films about music and musicians | Films adapted into plays | Films directed by Billy Wilder | Films featuring a Best Musical or Comedy Actor Golden Globe winning performance | Films featuring a Best Musical or Comedy Actress Golden Globe winning performance | Films scored by Adolph Deutsch | Films set in 1929 | Films set in Chicago | Films set in hotels | Films set in Miami | Films set in the Roaring Twenties | Films set on beaches | Films shot in San Diego | Films that won the Best Costume Design Academy Award | Films with screenplays by Billy Wilder | Films with screenplays by I. A. L. Diamond | Rail transport films | United Artists films | United States National Film Registry films | Articles containing video clips
1959,4,Imitation of Life,Universal Pictures,6200000,"$6,200,000",https://en.wikipedia.org/wiki/Imitation_of_Life_(1959_film),https://en.wikipedia.org/wiki/List_of_1959_box_office_number-one_films_in_the_United_States,Highest-grossing films of 1959,ok,Imitation of Life (1959 film),Imitation of Life 1959 poster.jpg,https://upload.wikimedia.org/wikipedia/commons/thumb/5/5b/Imitation_of_Life_1959_poster.jpg/250px-Imitation_of_Life_1959_poster.jpg,https://upload.wikimedia.org/wikipedia/commons/thumb/5/5b/Imitation_of_Life_1959_poster.jpg/250px-Imitation_of_Life_1959_poster.jpg,https://en.wikipedia.org/wiki/Imitation_of_Life_%281959_film%29,https://en.wikipedia.org/wiki/File:Imitation_of_Life_1959_poster.jpg,covers/1959_4_imitation_of_life.jpg,2026-05-21T13:56:31,ok,,2026-05-25T14:50:18,Imitation of Life (1959 film),Imitation of Life (1959 film),https://en.wikipedia.org/wiki/Imitation_of_Life_(1959_film),Douglas Sirk,Ross Hunter,"Eleanore Griffin Allan Scott (American screenwriter), Allan Scott","Imitation of Life (novel) (Imitation of Life, Fannie Hurst)",Lana Turner John Gavin Sandra Dee Dan O'Herlihy Susan Kohner Robert Alda Juanita Moore Mahalia Jackson,Frank Skinner,Russell Metty,Milton Carruth,Universal-International,1959-03-17 (Chicago) (ref1=); 1959-04-30 (United States),125 minutes,United States,English,$1.2 million,$6.4 million (US and Canada rentals),,,https://www.imdb.com/title/tt0052918/,,,,https://www.rottentomatoes.com/m/1010417-imitation_of_life,1959 films | 1959 American films | 1959 English-language films | 1959 romantic drama films | 1950s melodrama films | American romantic drama films | English-language romantic drama films | Films about actors | Films about mother–daughter relationships | Films about race and ethnicity | Films based on American novels | Films based on works by Fannie Hurst | Films directed by Douglas Sirk | Films featuring a Best Supporting Actress Golden Globe–winning performance | Films produced by Ross Hunter | Films scored by Frank Skinner | Films set in 1947 | Films set in 1958 | Films set in New York City | Films shot in Los Angeles | Remakes of American films | United States National Film Registry films | Universal Pictures films | Whitewashing in film
1959,5,The Nun's Story,Warner Bros. Pictures,6000000,"$6,000,000",https://en.wikipedia.org/wiki/The_Nun%27s_Story_(film),https://en.wikipedia.org/wiki/List_of_1959_box_office_number-one_films_in_the_United_States,Highest-grossing films of 1959,ok,The Nun's Story (film),Nun story.jpg,https://upload.wikimedia.org/wikipedia/en/thumb/6/6e/Nun_story.jpg/250px-Nun_story.jpg,https://upload.wikimedia.org/wikipedia/en/thumb/6/6e/Nun_story.jpg/250px-Nun_story.jpg,https://en.wikipedia.org/wiki/The_Nun%27s_Story_%28film%29,https://en.wikipedia.org/wiki/File:Nun_story.jpg,covers/1959_5_the_nun_s_story.jpg,2026-05-21T13:56:31,ok,,2026-05-25T14:50:18,The Nun's Story (film),The Nun's Story (film),https://en.wikipedia.org/wiki/The_Nun%27s_Story_(film),Fred Zinnemann,Henry Blanke,Robert Anderson,The Nun's Story (1956 novel) (Kathryn Hulme),Audrey Hepburn Peter Finch Edith Evans Peggy Ashcroft Dean Jagger,Franz Waxman,Franz Planer,Walter Thompson,Warner Bros. Pictures,1959-06-18,152 minutes,United States,English,$3.5 million,$12.8 million,,,https://www.imdb.com/title/tt0053131/,85%,20,7.6/10,https://www.rottentomatoes.com/m/nuns_story,1959 films | 1959 American films | 1959 English-language films | 1959 drama films | American drama films | English-language drama films | Films about Catholic nuns | Films about nurses | Films based on American novels | Films directed by Fred Zinnemann | Films scored by Franz Waxman | Films set in Belgian Congo | Films set in Belgium | Films set in convents | Films set in hospitals | Films set in the 1920s | Films set in the 1930s | Films set in the 1940s | Films shot at Cinecittà Studios | Films shot in Bruges | Religious drama films | Warner Bros. films | Films produced by Henry Blanke
1959,6,Anatomy of a Murder,Columbia Pictures,5250000,"$5,250,000",https://en.wikipedia.org/wiki/Anatomy_of_a_Murder,https://en.wikipedia.org/wiki/List_of_1959_box_office_number-one_films_in_the_United_States,Highest-grossing films of 1959,ok,Anatomy of a Murder,AnatomyMurder2.jpg,https://upload.wikimedia.org/wikipedia/commons/thumb/2/2f/AnatomyMurder2.jpg/250px-AnatomyMurder2.jpg,https://upload.wikimedia.org/wikipedia/commons/thumb/2/2f/AnatomyMurder2.jpg/250px-AnatomyMurder2.jpg,https://en.wikipedia.org/wiki/Anatomy_of_a_Murder,https://en.wikipedia.org/wiki/File:AnatomyMurder2.jpg,covers/1959_6_anatomy_of_a_murder.jpg,2026-05-21T13:56:31,ok,,2026-05-25T14:50:18,Anatomy of a Murder,Anatomy of a Murder,https://en.wikipedia.org/wiki/Anatomy_of_a_Murder,Otto Preminger,Otto Preminger,Wendell Mayes,Anatomy of a Murder 1958 novel (Robert Traver),James Stewart Lee Remick Ben Gazzara Arthur O'Connell Eve Arden Kathryn Grant Joseph N. Welch George C. Scott Orson Bean Russ Brown Murray Hamilton Brooks West,Duke Ellington,Sam Leavitt,Louis R. Loeffler,Carlyle Productions,1959-07-02 (New York),160 minutes,United States,English,$2 million,$8 million (rentals),,,https://www.imdb.com/title/tt0052561/,,,,https://www.rottentomatoes.com/m/anatomy_of_a_murder,1959 films | Album articles lacking alt text for covers | Rotten Tomatoes ID same as Wikidata | 1959 crime drama films | 1950s legal drama films | American black-and-white films | American courtroom films | American crime drama films | American legal drama films | Films about lawyers | Films based on American novels | Films based on crime novels | Films directed by Otto Preminger | Films scored by Duke Ellington | Films set in Michigan | Films shot in Michigan | Films with screenplays by Wendell Mayes | Grammy Award for Best Performance by an Orchestra – for Dancing | United States National Film Registry films | Upper Peninsula of Michigan | Columbia Pictures films | 1959 English-language films | 1959 American films | English-language crime drama films | 1959 independent films | American independent films
1959,6,North by Northwest,Metro-Goldwyn-Mayer,5250000,"$5,250,000",https://en.wikipedia.org/wiki/North_by_Northwest,https://en.wikipedia.org/wiki/List_of_1959_box_office_number-one_films_in_the_United_States,Highest-grossing films of 1959,ok,North by Northwest,Northbynorthwest1.jpg,https://upload.wikimedia.org/wikipedia/commons/thumb/8/83/Northbynorthwest1.jpg/250px-Northbynorthwest1.jpg,https://upload.wikimedia.org/wikipedia/commons/thumb/8/83/Northbynorthwest1.jpg/250px-Northbynorthwest1.jpg,https://en.wikipedia.org/wiki/North_by_Northwest,https://en.wikipedia.org/wiki/File:Northbynorthwest1.jpg,covers/1959_6_north_by_northwest.jpg,2026-05-21T13:56:31,ok,,2026-05-25T14:50:18,North by Northwest,North by Northwest,https://en.wikipedia.org/wiki/North_by_Northwest,Alfred Hitchcock,Alfred Hitchcock,Ernest Lehman,,"Cary Grant , Eva Marie Saint , James Mason , Jessie Royce Landis",Bernard Herrmann,Robert Burks,George Tomasini,Metro-Goldwyn-Mayer,"film date, 1959, 07, 01, ref1=",136 minutes,United States,English,$4.3 million,$9.8 million,,,https://www.imdb.com/title/tt0053125/,,,,http://www.rottentomatoes.com/m/north-by-northwest/,Webarchive template wayback links | 1959 films | Pages using gadget WikiMiniAtlas | 1950s action thriller films | 1959 American films | 1950s chase films | 1950s comedy thriller films | 1959 English-language films | 1950s mystery thriller films | 1950s road movies | 1950s spy thriller films | American action thriller films | American chase films | American comedy thriller films | American mystery thriller films | American road movies | American spy thriller films | Articles containing video clips | Cold War spy films | Edgar Award–winning works | Films about assassinations | Films about the United Nations | Films adapted into plays | Films directed by Alfred Hitchcock | Films produced by Alfred Hitchcock | Films scored by Bernard Herrmann | Films set in Chicago | Films set on Long Island | Films set in New York City | Films set in South Dakota | Films set in Indiana | Films with screenplays by Ernest Lehman | Metro-Goldwyn-Mayer films | Rail transport films | United States National Film Registry films | VistaVision films | English-language action thriller films | English-language mystery thriller films | English-language comedy thriller films | English-language spy thriller films
1959,8,Rio Bravo,Warner Bros. Pictures,5100000,"$5,100,000",https://en.wikipedia.org/wiki/Rio_Bravo_(film),https://en.wikipedia.org/wiki/List_of_1959_box_office_number-one_films_in_the_United_States,Highest-grossing films of 1959,ok,Rio Bravo (film),Rio Bravo (1959 poster).jpg,https://upload.wikimedia.org/wikipedia/commons/thumb/5/55/Rio_Bravo_%281959_poster%29.jpg/250px-Rio_Bravo_%281959_poster%29.jpg,https://upload.wikimedia.org/wikipedia/commons/thumb/5/55/Rio_Bravo_%281959_poster%29.jpg/250px-Rio_Bravo_%281959_poster%29.jpg,https://en.wikipedia.org/wiki/Rio_Bravo_%28film%29,https://en.wikipedia.org/wiki/File:Rio_Bravo_%281959_poster%29.jpg,covers/1959_8_rio_bravo.jpg,2026-05-21T13:56:31,ok,,2026-05-25T14:50:18,Rio Bravo (film),Rio Bravo (film),https://en.wikipedia.org/wiki/Rio_Bravo_(film),Howard Hawks,Howard Hawks,Jules Furthman Leigh Brackett,"""Rio Bravo"" (B.H. McCampbell)","John Wayne Dean Martin Ricky Nelson Angie Dickinson Walter Brennan Ward Bond John Russell (actor), John Russell Pedro Gonzalez Gonzalez Estelita Rodriguez",Dimitri Tiomkin 'Lyrics:' Paul Francis Webster,Russell Harlan,Folmar Blangsted,Armada Productions,"Film date, 1959, 4, 4, ref1=",141 minutes,United States,English Spanish,"$1,214,899",$5.75 million (US and Canada rentals),,,https://www.imdb.com/title/tt0053221/,,,,https://www.rottentomatoes.com/m/rio_bravo,"Webarchive template wayback links | Webarchive template archiveis links | 1959 films | Rotten Tomatoes ID same as Wikidata | Rotten Tomatoes template using name parameter | 1959 Western (genre) films | 1950s buddy films | 1959 action films | American Western (genre) films | American buddy action films | 1959 English-language films | Films scored by Dimitri Tiomkin | Films about alcoholism | Films directed by Howard Hawks | Films set in Texas | Films set in the American frontier | Films shot in Tucson, Arizona | Films shot in California | Films with screenplays by Leigh Brackett | Warner Bros. films | United States National Film Registry films | Films with screenplays by Jules Furthman | Siege films | Films adapted into comics | 1959 American films | English-language Western (genre) films | Films based on short fiction | Films about brothers"
1959,9,Around the World in 80 Days,United Artists,4400000,"$4,400,000",https://en.wikipedia.org/wiki/Around_the_World_in_80_Days_(1956_film),https://en.wikipedia.org/wiki/List_of_1959_box_office_number-one_films_in_the_United_States,Highest-grossing films of 1959,ok,Around the World in 80 Days (1956 film),Around the World in 80 Days (1956 film) poster.jpg,https://upload.wikimedia.org/wikipedia/en/5/5e/Around_the_World_in_80_Days_%281956_film%29_poster.jpg,https://upload.wikimedia.org/wikipedia/en/5/5e/Around_the_World_in_80_Days_%281956_film%29_poster.jpg,https://en.wikipedia.org/wiki/Around_the_World_in_80_Days_%281956_film%29,https://en.wikipedia.org/wiki/File:Around_the_World_in_80_Days_%281956_film%29_poster.jpg,covers/1959_9_around_the_world_in_80_days.jpg,2026-05-21T13:56:31,ok,,2026-05-25T14:50:18,Around the World in 80 Days (1956 film),Around the World in 80 Days (1956 film),https://en.wikipedia.org/wiki/Around_the_World_in_80_Days_(1956_film),Michael Anderson,Michael Todd,"James Poe John Farrow S. J. Perelman, S.J. Perelman",Around the World in Eighty Days 1873 novel (Jules Verne),David Niven Cantinflas Robert Newton Shirley MacLaine,Victor Young,Lionel Lindon,Gene Ruggiero Howard Epstein,Michael Todd Company,1956-10-17 (New York City); 1956-12-22 (Los Angeles),182 minutes,United States,English,$6 million,$42 million,,,https://www.imdb.com/title/tt3005242/,,,,http://www.rottentomatoes.com/m/1001193-around_the_world_in_80_days/,Articles lacking reliable references from July 2024 | Use British English from September 2013 | All Wikipedia articles written in British English | 1956 films | Articles needing additional references from October 2012 | Articles needing additional references from October 2010 | Vague or ambiguous time from December 2016 | Rotten Tomatoes ID same as Wikidata | Rotten Tomatoes template using name parameter | 1956 English-language films | American adventure comedy films | American epic films | 1950s adventure comedy films | American aviation films | Best Drama Picture Golden Globe winners | Best Picture Academy Award winners | Films scored by Victor Young | Films based on Around the World in Eighty Days | Films directed by Michael Anderson | Films featuring a Best Musical or Comedy Actor Golden Globe winning performance | Films set in Hong Kong | Films set in Madrid | Films set in Paris | Films set in London | Films set in San Francisco | Films set in 1872 | Films set in the British Raj | Films set in Yokohama | Films shot in Chinchón | Films that won the Best Original Score Academy Award | Films whose cinematographer won the Best Cinematography Academy Award | Films whose editor won the Best Film Editing Academy Award | Films whose writer won the Best Adapted Screenplay Academy Award | Films with screenplays by James Poe | United Artists films | Films about travel | Films adapted into comics | Films shot in Sylhet | 1956 comedy films | Films set in India | Films set in Mumbai | Films set in Kolkata | Cultural depictions of Indian people | 1956 American films | Comedy epic films | English-language action comedy films | English-language adventure comedy films | Films set in the Meiji era | 1950s epic films
1959,10,Sleeping Beauty,Buena Vista Film Distribution,4300000,"$4,300,000",https://en.wikipedia.org/wiki/Sleeping_Beauty_(1959_film),https://en.wikipedia.org/wiki/List_of_1959_box_office_number-one_films_in_the_United_States,Highest-grossing films of 1959,ok,Sleeping Beauty (1959 film),Sleeping Beauty (1959 poster - Style A).jpg,https://upload.wikimedia.org/wikipedia/commons/thumb/6/6c/Sleeping_Beauty_%281959_poster_-_Style_A%29.jpg/250px-Sleeping_Beauty_%281959_poster_-_Style_A%29.jpg,https://upload.wikimedia.org/wikipedia/commons/thumb/6/6c/Sleeping_Beauty_%281959_poster_-_Style_A%29.jpg/250px-Sleeping_Beauty_%281959_poster_-_Style_A%29.jpg,https://en.wikipedia.org/wiki/Sleeping_Beauty_%281959_film%29,https://en.wikipedia.org/wiki/File:Sleeping_Beauty_%281959_poster_-_Style_A%29.jpg,covers/1959_10_sleeping_beauty.jpg,2026-05-21T13:56:31,ok,,2026-05-25T14:50:18,Sleeping Beauty (1959 film),Sleeping Beauty (1959 film),https://en.wikipedia.org/wiki/Sleeping_Beauty_(1959_film),'Supervising director' Clyde Geronimi 'Sequence directors' Eric Larson Wolfgang Reitherman Les Clark,Walt Disney,Erdman Penner Joe Rinaldi Winston Hibler Bill Peet Ted Sears Ralph Wright Milt Banta,"""Sleeping Beauty"" (Charles Perrault)","Mary Costa Bill Shirley Eleanor Audley Verna Felton Barbara Luddy Barbara Jo Allen Taylor Holmes Bill Thompson (voice actor), Bill Thompson",George Bruns,,Roy M. Brewer Jr. Donald Halliday,Walt Disney Productions,1959-01-29,75 minutes,United States,English,$6 million,$51.6 million (United States and Canada),,,https://www.imdb.com/title/tt0053285/,,,,https://www.rottentomatoes.com/m/1019187-sleeping_beauty,IMDb ID (Cite Mojo) different from Wikidata | Good articles | 1959 films | Articles containing French-language text | Album articles lacking alt text for covers | Pages using Sister project links with hidden wikidata | Sleeping Beauty (1959 film) | 1950s children's animated films | 1950s coming-of-age films | 1950s fantasy adventure films | 1950s musical fantasy films | 1950s romantic fantasy films | 1959 American animated films | 1959 children's films | 1959 directorial debut films | 1959 English-language films | 1959 fantasy films | American animated feature films | American children's animated adventure films | American children's animated fantasy films | American children's animated musical films | American fantasy adventure films | American musical fantasy films | American romantic fantasy films | American sword and sorcery films | Animated coming-of-age films | Animated films about birthdays | Animated films about dragons | Animated films about fairies | Animated films about royalty | Animated films about shapeshifting | Animated films based on multiple works | Animated films set in castles | Animated films set in forests | Animated films set in the 14th century | Animated films set in the Middle Ages | Animated romance films | Articles containing video clips | Disney animated films based on fairy tales | Disney Princess films | English-language fantasy adventure films | English-language musical fantasy films | English-language romantic fantasy films | Films about curses | Films based on Sleeping Beauty | Films directed by Clyde Geronimi | Films directed by Eric Larson | Films directed by Les Clark | Films directed by Wolfgang Reitherman | Films produced by Walt Disney | Films scored by George Bruns | Films with screenplays by Bill Peet | Films with screenplays by Erdman Penner | Films with screenplays by Joe Rinaldi | Films with screenplays by Milt Banta | Films with screenplays by Ralph Wright | Films with screenplays by Ted Sears | Films with screenplays by Winston Hibler | Gothic films | Rotoscoped films | United States National Film Registry films | Walt Disney Animation Studios films
